"Time";"NumberOfMessagesDeleted_Sum";"NumberOfMessagesReceived_Sum";"NumberOfMessagesSent_Sum"
"2018-10-18T12:26:00+08:00";3,686;3,691;3,676
"2018-10-18T12:33:00+08:00";3,484;3,483;3,478
"2018-10-18T12:40:00+08:00";9,416;9,418;9,401
"2018-10-18T12:47:00+08:00";5,438;5,435;5,433
"2018-10-18T12:54:00+08:00";10,960;10,967;10,957
"2018-10-18T13:01:00+08:00";5,345;5,335;5,323
"2018-10-18T13:08:00+08:00";6,548;6,552;6,844
"2018-10-18T13:15:00+08:00";15,006;15,009;14,700
"2018-10-18T13:22:00+08:00";6,293;6,291;6,282
"2018-10-18T13:29:00+08:00";13,092;13,094;13,078
"2018-10-18T13:36:00+08:00";6,128;6,124;6,123
"2018-10-18T13:43:00+08:00";5,760;5,759;5,749
"2018-10-18T13:50:00+08:00";7,837;7,836;7,823
"2018-10-18T13:57:00+08:00";3,971;3,972;3,965
"2018-10-18T14:04:00+08:00";10,572;10,569;10,687
"2018-10-18T14:11:00+08:00";7,174;7,175;8,904
"2018-10-18T14:18:00+08:00";7,038;7,041;9,378
"2018-10-18T14:25:00+08:00";11,505;11,506;7,288
"2018-10-18T14:32:00+08:00";5,157;5,160;5,150
"2018-10-18T14:39:00+08:00";10,724;10,720;10,704
"2018-10-18T14:46:00+08:00";5,602;5,606;5,592
"2018-10-18T14:53:00+08:00";5,582;5,578;5,580
"2018-10-18T15:00:00+08:00";11,042;11,039;11,025
"2018-10-18T15:07:00+08:00";6,261;6,265;6,518
"2018-10-18T15:14:00+08:00";14,463;14,466;14,186
"2018-10-18T15:21:00+08:00";5,980;5,977;5,970
"2018-10-18T15:28:00+08:00";6,097;6,098;6,091
"2018-10-18T15:35:00+08:00";11,098;11,100;11,087
"2018-10-18T15:42:00+08:00";5,426;5,422;5,415
"2018-10-18T15:49:00+08:00";10,867;10,866;10,856
"2018-10-18T15:56:00+08:00";5,246;5,250;5,241
"2018-10-18T16:03:00+08:00";5,057;5,054;5,046
"2018-10-18T16:10:00+08:00";12,730;12,733;13,266
"2018-10-18T16:17:00+08:00";5,882;5,879;5,328
"2018-10-18T16:24:00+08:00";11,933;11,937;13,062
"2018-10-18T16:31:00+08:00";6,822;6,815;8,214
"2018-10-18T16:38:00+08:00";8,008;8,020;8,686
"2018-10-18T16:45:00+08:00";16,082;16,080;14,571
"2018-10-18T16:52:00+08:00";7,727;7,724;7,302
"2018-10-18T16:59:00+08:00";14,340;14,339;13,017
"2018-10-18T17:06:00+08:00";6,131;6,136;6,365
"2018-10-18T17:13:00+08:00";7,928;7,920;8,116
"2018-10-18T17:20:00+08:00";13,098;13,100;12,641
"2018-10-18T17:27:00+08:00";6,493;6,494;7,247
"2018-10-18T17:34:00+08:00";12,954;12,957;12,192
"2018-10-18T17:41:00+08:00";5,694;5,693;5,687
"2018-10-18T17:48:00+08:00";4,346;4,343;4,330
"2018-10-18T17:55:00+08:00";10,281;10,279;10,277
"2018-10-18T18:02:00+08:00";5,502;5,501;5,485
"2018-10-18T18:09:00+08:00";13,554;13,560;15,438
"2018-10-18T18:16:00+08:00";7,769;7,770;8,190
"2018-10-18T18:23:00+08:00";7,800;7,797;7,727
"2018-10-18T18:30:00+08:00";15,585;15,588;20,222
"2018-10-18T18:37:00+08:00";7,863;7,863;11,007
"2018-10-18T18:44:00+08:00";14,823;14,821;21,062
"2018-10-18T18:51:00+08:00";7,976;7,971;9,019
"2018-10-18T18:58:00+08:00";7,990;7,992;11,092
"2018-10-18T19:05:00+08:00";15,471;15,472;24,919
"2018-10-18T19:12:00+08:00";7,730;7,730;15,386
"2018-10-18T19:19:00+08:00";15,914;15,917;31,187
"2018-10-18T19:26:00+08:00";8,156;8,155;15,961
"2018-10-18T19:33:00+08:00";8,130;8,134;15,761
"2018-10-18T19:40:00+08:00";16,188;16,186;31,499
"2018-10-18T19:47:00+08:00";8,069;8,067;15,905
"2018-10-18T19:54:00+08:00";15,909;15,906;31,746
"2018-10-18T20:01:00+08:00";8,049;8,059;10,937
"2018-10-18T20:08:00+08:00";7,891;7,882;14,621
"2018-10-18T20:15:00+08:00";15,873;15,878;33,261
"2018-10-18T20:22:00+08:00";8,095;8,090;14,421
"2018-10-18T20:29:00+08:00";15,954;15,954;35,639
"2018-10-18T20:36:00+08:00";8,054;8,055;15,134
"2018-10-18T20:43:00+08:00";8,086;8,092;11,915
"2018-10-18T20:50:00+08:00";16,046;16,037;26,167
"2018-10-18T20:57:00+08:00";7,859;7,857;5,621
"2018-10-18T21:04:00+08:00";15,876;15,882;16,774
"2018-10-18T21:11:00+08:00";7,783;7,783;18,765
"2018-10-18T21:18:00+08:00";7,815;7,810;19,031
"2018-10-18T21:25:00+08:00";15,710;15,716;37,143
"2018-10-18T21:32:00+08:00";7,927;7,922;18,519
"2018-10-18T21:39:00+08:00";16,013;16,015;33,729
"2018-10-18T21:46:00+08:00";7,996;7,996;16,019
"2018-10-18T21:53:00+08:00";8,009;8,005;18,376
"2018-10-18T22:00:00+08:00";15,876;15,882;34,848
"2018-10-18T22:07:00+08:00";7,918;7,916;18,091
"2018-10-18T22:14:00+08:00";15,797;15,799;36,002
"2018-10-18T22:21:00+08:00";8,004;8,003;17,909
"2018-10-18T22:28:00+08:00";6,782;6,779;17,751
"2018-10-18T22:35:00+08:00";15,955;15,960;32,295
"2018-10-18T22:42:00+08:00";7,643;7,641;15,275
"2018-10-18T22:49:00+08:00";15,730;15,734;33,478
"2018-10-18T22:56:00+08:00";7,885;7,885;15,729
"2018-10-18T23:03:00+08:00";7,988;7,983;15,246
"2018-10-18T23:10:00+08:00";16,161;16,163;30,642
"2018-10-18T23:17:00+08:00";8,170;8,174;14,889
"2018-10-18T23:24:00+08:00";16,305;16,303;29,369
"2018-10-18T23:31:00+08:00";8,296;8,297;14,179
"2018-10-18T23:38:00+08:00";8,260;8,260;13,696
"2018-10-18T23:45:00+08:00";16,684;16,679;26,234
"2018-10-18T23:52:00+08:00";8,247;8,243;12,744
"2018-10-18T23:59:00+08:00";16,316;16,320;24,924
"2018-10-19T00:06:00+08:00";8,080;8,083;11,947
"2018-10-19T00:13:00+08:00";7,959;7,957;12,087
"2018-10-19T00:20:00+08:00";16,378;16,378;22,022
"2018-10-19T00:27:00+08:00";8,097;8,095;10,845
"2018-10-19T00:34:00+08:00";16,338;16,340;20,511
"2018-10-19T00:41:00+08:00";8,142;8,142;9,893
"2018-10-19T00:48:00+08:00";8,298;8,297;9,438
"2018-10-19T00:55:00+08:00";16,478;16,484;18,287
"2018-10-19T01:02:00+08:00";8,259;8,256;8,662
"2018-10-19T01:09:00+08:00";16,346;16,342;17,734
"2018-10-19T01:16:00+08:00";8,253;8,255;8,213
"2018-10-19T01:23:00+08:00";8,456;8,459;7,919
"2018-10-19T01:30:00+08:00";16,495;16,494;15,756
"2018-10-19T01:37:00+08:00";8,197;8,194;7,300
"2018-10-19T01:44:00+08:00";15,620;15,624;14,425
"2018-10-19T01:51:00+08:00";8,092;8,093;5,106
"2018-10-19T01:58:00+08:00";8,090;8,085;6,416
"2018-10-19T02:05:00+08:00";15,355;15,354;12,817
"2018-10-19T02:12:00+08:00";8,436;8,441;5,939
"2018-10-19T02:19:00+08:00";16,582;16,579;11,129
"2018-10-19T02:26:00+08:00";8,268;8,272;5,781
"2018-10-19T02:33:00+08:00";7,226;7,222;3,803
"2018-10-19T02:40:00+08:00";16,707;16,713;9,240
"2018-10-19T02:47:00+08:00";8,549;8,545;4,721
"2018-10-19T02:54:00+08:00";17,294;17,288;8,671
"2018-10-19T03:01:00+08:00";8,622;8,627;4,160
"2018-10-19T03:08:00+08:00";8,157;8,154;4,216
"2018-10-19T03:15:00+08:00";16,603;16,604;7,695
"2018-10-19T03:22:00+08:00";8,748;8,752;3,521
"2018-10-19T03:29:00+08:00";17,454;17,455;6,950
"2018-10-19T03:36:00+08:00";8,741;8,740;3,491
"2018-10-19T03:43:00+08:00";8,617;8,613;3,398
"2018-10-19T03:50:00+08:00";17,747;17,745;6,292
"2018-10-19T03:57:00+08:00";8,679;8,686;3,083
"2018-10-19T04:04:00+08:00";16,667;16,662;6,033
"2018-10-19T04:11:00+08:00";8,873;8,877;3,113
"2018-10-19T04:18:00+08:00";8,616;8,619;2,912
"2018-10-19T04:25:00+08:00";17,617;17,612;5,816
"2018-10-19T04:32:00+08:00";8,806;8,808;2,844
"2018-10-19T04:39:00+08:00";17,619;17,622;5,364
"2018-10-19T04:46:00+08:00";9,011;9,010;2,544
"2018-10-19T04:53:00+08:00";9,027;9,020;2,546
"2018-10-19T05:00:00+08:00";17,817;17,822;5,552
"2018-10-19T05:07:00+08:00";8,856;8,848;2,815
"2018-10-19T05:14:00+08:00";17,663;17,668;5,875
"2018-10-19T05:21:00+08:00";8,970;8,973;3,047
"2018-10-19T05:28:00+08:00";8,971;8,966;3,265
"2018-10-19T05:35:00+08:00";17,880;17,880;6,779
"2018-10-19T05:42:00+08:00";8,833;8,833;3,520
"2018-10-19T05:49:00+08:00";17,873;17,876;7,361
"2018-10-19T05:56:00+08:00";9,021;9,019;3,769
"2018-10-19T06:03:00+08:00";8,878;8,877;3,878
"2018-10-19T06:10:00+08:00";17,830;17,828;8,615
"2018-10-19T06:17:00+08:00";8,797;8,805;4,525
"2018-10-19T06:24:00+08:00";17,761;17,759;9,330
"2018-10-19T06:31:00+08:00";8,704;8,705;5,009
"2018-10-19T06:38:00+08:00";9,023;9,022;4,854
"2018-10-19T06:45:00+08:00";17,671;17,673;10,263
"2018-10-19T06:52:00+08:00";8,677;8,670;5,187
"2018-10-19T06:59:00+08:00";17,766;17,765;11,622
"2018-10-19T07:06:00+08:00";7,692;7,696;5,948
"2018-10-19T07:13:00+08:00";8,710;8,711;5,666
"2018-10-19T07:20:00+08:00";17,593;17,592;12,135
"2018-10-19T07:27:00+08:00";8,890;8,893;6,568
"2018-10-19T07:34:00+08:00";17,581;17,579;13,367
"2018-10-19T07:41:00+08:00";8,825;8,823;6,548
"2018-10-19T07:48:00+08:00";8,801;8,805;7,005
"2018-10-19T07:55:00+08:00";15,293;15,287;14,130
"2018-10-19T08:02:00+08:00";8,503;8,509;7,276
"2018-10-19T08:09:00+08:00";17,423;17,417;14,922
"2018-10-19T08:16:00+08:00";8,646;8,647;7,459
"2018-10-19T08:23:00+08:00";8,584;8,586;7,733
"2018-10-19T08:30:00+08:00";17,444;17,443;16,080
"2018-10-19T08:37:00+08:00";8,474;8,479;7,902
"2018-10-19T08:44:00+08:00";17,546;17,545;13,546
"2018-10-19T08:51:00+08:00";8,719;8,717;7,976
"2018-10-19T08:58:00+08:00";8,586;8,592;7,896
"2018-10-19T09:05:00+08:00";16,684;16,683;16,385
"2018-10-19T09:12:00+08:00";7,770;7,764;8,365
"2018-10-19T09:19:00+08:00";15,837;15,832;17,728
"2018-10-19T09:26:00+08:00";8,400;8,403;8,912
"2018-10-19T09:33:00+08:00";8,377;8,375;8,940
"2018-10-19T09:40:00+08:00";15,783;15,784;17,927
"2018-10-19T09:47:00+08:00";8,403;8,409;8,892
"2018-10-19T09:54:00+08:00";17,312;17,314;18,300
"2018-10-19T10:01:00+08:00";8,539;8,536;8,875
"2018-10-19T10:08:00+08:00";8,507;8,511;9,991
"2018-10-19T10:15:00+08:00";16,091;16,087;21,733
"2018-10-19T10:22:00+08:00";8,779;8,780;10,723
"2018-10-19T10:29:00+08:00";17,180;17,179;22,112
"2018-10-19T10:36:00+08:00";8,508;8,513;11,789
"2018-10-19T10:43:00+08:00";8,519;8,515;11,595
"2018-10-19T10:50:00+08:00";17,125;17,125;23,129
"2018-10-19T10:57:00+08:00";8,704;8,708;11,675
"2018-10-19T11:04:00+08:00";17,009;17,008;23,366
"2018-10-19T11:11:00+08:00";8,452;8,452;12,187
"2018-10-19T11:18:00+08:00";8,565;8,562;11,822
"2018-10-19T11:25:00+08:00";16,871;16,870;24,957
"2018-10-19T11:32:00+08:00";8,313;8,314;13,023
"2018-10-19T11:39:00+08:00";16,877;16,876;25,349
"2018-10-19T11:46:00+08:00";8,369;8,373;11,504
"2018-10-19T11:53:00+08:00";8,488;8,480;12,389
"2018-10-19T12:00:00+08:00";16,798;16,803;24,553
"2018-10-19T12:07:00+08:00";8,377;8,373;12,825
"2018-10-19T12:14:00+08:00";16,370;16,373;27,273
"2018-10-19T12:21:00+08:00";8,320;8,322;13,857
"2018-10-19T12:28:00+08:00";8,218;8,220;13,990
"2018-10-19T12:35:00+08:00";16,569;16,565;28,424
"2018-10-19T12:42:00+08:00";8,258;8,261;14,299
"2018-10-19T12:49:00+08:00";16,419;16,415;27,888
"2018-10-19T12:56:00+08:00";7,048;7,051;13,973
"2018-10-19T13:03:00+08:00";8,072;8,070;14,878
"2018-10-19T13:10:00+08:00";15,907;15,904;30,467
"2018-10-19T13:17:00+08:00";8,043;8,045;14,702
"2018-10-19T13:24:00+08:00";16,078;16,084;24,820
"2018-10-19T13:31:00+08:00";8,155;8,151;14,593
"2018-10-19T13:38:00+08:00";8,078;8,078;14,905
"2018-10-19T13:45:00+08:00";16,398;16,400;30,001
"2018-10-19T13:52:00+08:00";8,028;8,027;14,295
"2018-10-19T13:59:00+08:00";15,945;15,939;28,264
"2018-10-19T14:06:00+08:00";7,925;7,928;11,324
"2018-10-19T14:13:00+08:00";8,116;8,120;12,628
"2018-10-19T14:20:00+08:00";16,112;16,109;28,926
"2018-10-19T14:27:00+08:00";8,048;8,045;14,938
"2018-10-19T14:34:00+08:00";15,994;16,000;29,047
"2018-10-19T14:41:00+08:00";8,062;8,055;14,625
"2018-10-19T14:48:00+08:00";7,052;7,056;13,215
"2018-10-19T14:55:00+08:00";14,815;14,816;24,547
"2018-10-19T15:02:00+08:00";7,657;7,655;13,906
"2018-10-19T15:09:00+08:00";15,956;15,958;29,263
"2018-10-19T15:16:00+08:00";8,029;8,035;15,193
"2018-10-19T15:23:00+08:00";8,201;8,191;15,320
"2018-10-19T15:30:00+08:00";16,252;16,256;30,410
"2018-10-19T15:37:00+08:00";7,973;7,975;14,775
"2018-10-19T15:44:00+08:00";15,946;15,945;29,440
"2018-10-19T15:51:00+08:00";8,009;8,008;14,615
"2018-10-19T15:58:00+08:00";8,245;8,243;14,020
"2018-10-19T16:05:00+08:00";15,989;15,993;28,345
"2018-10-19T16:12:00+08:00";8,175;8,172;14,768
"2018-10-19T16:19:00+08:00";16,382;16,384;28,394
"2018-10-19T16:26:00+08:00";8,024;8,020;14,148
"2018-10-19T16:33:00+08:00";8,245;8,242;14,416
"2018-10-19T16:40:00+08:00";16,178;16,187;28,409
"2018-10-19T16:47:00+08:00";8,113;8,112;13,854
"2018-10-19T16:54:00+08:00";16,095;16,092;23,674
"2018-10-19T17:01:00+08:00";8,074;8,074;13,612
"2018-10-19T17:08:00+08:00";6,846;6,846;13,750
"2018-10-19T17:15:00+08:00";16,208;16,209;28,353
"2018-10-19T17:22:00+08:00";8,048;8,044;13,759
"2018-10-19T17:29:00+08:00";14,913;14,920;27,911
"2018-10-19T17:36:00+08:00";7,980;7,978;13,909
"2018-10-19T17:43:00+08:00";8,129;8,125;14,010
"2018-10-19T17:50:00+08:00";15,964;15,968;27,868
"2018-10-19T17:57:00+08:00";8,033;8,032;13,927
"2018-10-19T18:04:00+08:00";16,107;16,107;28,154
"2018-10-19T18:11:00+08:00";8,139;8,140;14,340
"2018-10-19T18:18:00+08:00";7,832;7,832;14,362
"2018-10-19T18:25:00+08:00";15,737;15,733;28,582
"2018-10-19T18:32:00+08:00";8,151;8,156;14,174
"2018-10-19T18:39:00+08:00";16,207;16,202;28,168
"2018-10-19T18:46:00+08:00";8,229;8,232;13,904
"2018-10-19T18:53:00+08:00";8,179;8,177;14,069
"2018-10-19T19:00:00+08:00";15,225;15,226;28,180
"2018-10-19T19:07:00+08:00";8,030;8,030;14,988
"2018-10-19T19:14:00+08:00";16,225;16,225;32,495
"2018-10-19T19:21:00+08:00";7,132;7,131;16,852
"2018-10-19T19:28:00+08:00";7,966;7,966;17,692
"2018-10-19T19:35:00+08:00";13,903;13,904;34,993
"2018-10-19T19:42:00+08:00";7,968;7,964;17,889
"2018-10-19T19:49:00+08:00";15,911;15,918;36,569
"2018-10-19T19:56:00+08:00";7,878;7,874;14,501
"2018-10-19T20:03:00+08:00";7,881;7,886;17,352
"2018-10-19T20:10:00+08:00";15,806;15,804;36,479
"2018-10-19T20:17:00+08:00";7,733;7,724;18,409
"2018-10-19T20:24:00+08:00";15,429;15,434;37,204
"2018-10-19T20:31:00+08:00";7,767;7,769;18,670
"2018-10-19T20:38:00+08:00";7,690;7,691;18,151
"2018-10-19T20:45:00+08:00";15,664;15,662;32,000
"2018-10-19T20:52:00+08:00";7,629;7,636;17,901
"2018-10-19T20:59:00+08:00";15,474;15,471;32,088
"2018-10-19T21:06:00+08:00";7,618;7,612;18,864
"2018-10-19T21:13:00+08:00";7,794;7,796;20,446
"2018-10-19T21:20:00+08:00";15,360;15,360;40,484
"2018-10-19T21:27:00+08:00";7,584;7,583;19,832
"2018-10-19T21:34:00+08:00";15,224;15,226;35,914
"2018-10-19T21:41:00+08:00";7,697;7,700;17,460
"2018-10-19T21:48:00+08:00";7,729;7,723;16,956
"2018-10-19T21:55:00+08:00";15,508;15,508;34,275
"2018-10-19T22:02:00+08:00";7,608;7,609;18,485
"2018-10-19T22:09:00+08:00";15,578;15,580;37,276
"2018-10-19T22:16:00+08:00";6,694;6,696;19,058
"2018-10-19T22:23:00+08:00";7,634;7,637;19,368
"2018-10-19T22:30:00+08:00";15,401;15,394;37,076
"2018-10-19T22:37:00+08:00";7,918;7,923;17,874
"2018-10-19T22:44:00+08:00";14,664;14,657;35,937
"2018-10-19T22:51:00+08:00";7,857;7,863;16,895
"2018-10-19T22:58:00+08:00";7,741;7,734;16,412
"2018-10-19T23:05:00+08:00";14,797;14,797;32,863
"2018-10-19T23:12:00+08:00";8,005;8,011;16,604
"2018-10-19T23:19:00+08:00";15,885;15,881;33,156
"2018-10-19T23:26:00+08:00";7,854;7,855;16,168
"2018-10-19T23:33:00+08:00";7,983;7,983;15,529
"2018-10-19T23:40:00+08:00";14,902;14,902;29,567
"2018-10-19T23:47:00+08:00";8,010;8,010;14,433
"2018-10-19T23:54:00+08:00";16,297;16,299;27,789
"2018-10-20T00:01:00+08:00";8,129;8,133;12,953
"2018-10-20T00:08:00+08:00";8,186;8,182;13,217
"2018-10-20T00:15:00+08:00";15,510;15,507;25,897
"2018-10-20T00:22:00+08:00";8,040;8,046;12,469
"2018-10-20T00:29:00+08:00";15,267;15,260;23,340
"2018-10-20T00:36:00+08:00";7,277;7,281;10,784
"2018-10-20T00:43:00+08:00";7,515;7,515;10,770
"2018-10-20T00:50:00+08:00";15,965;15,966;21,425
"2018-10-20T00:57:00+08:00";8,249;8,252;10,379
"2018-10-20T01:04:00+08:00";16,531;16,534;20,579
"2018-10-20T01:11:00+08:00";8,344;8,339;9,946
"2018-10-20T01:18:00+08:00";8,217;8,216;9,368
"2018-10-20T01:25:00+08:00";16,467;16,461;18,149
"2018-10-20T01:32:00+08:00";8,153;8,149;8,372
"2018-10-20T01:39:00+08:00";16,887;16,900;16,017
"2018-10-20T01:46:00+08:00";8,384;8,384;7,491
"2018-10-20T01:53:00+08:00";8,508;8,513;6,199
"2018-10-20T02:00:00+08:00";15,529;15,519;14,179
"2018-10-20T02:07:00+08:00";8,355;8,376;6,325
"2018-10-20T02:14:00+08:00";15,686;15,668;13,002
"2018-10-20T02:21:00+08:00";8,367;8,381;5,971
"2018-10-20T02:28:00+08:00";8,595;8,590;6,165
"2018-10-20T02:35:00+08:00";16,800;16,778;11,323
"2018-10-20T02:42:00+08:00";8,444;8,439;5,487
"2018-10-20T02:49:00+08:00";17,091;17,113;10,137
"2018-10-20T02:56:00+08:00";8,452;8,447;4,962
"2018-10-20T03:03:00+08:00";8,543;8,537;4,820
"2018-10-20T03:10:00+08:00";17,033;16,990;8,813
"2018-10-20T03:17:00+08:00";8,626;8,612;3,983
"2018-10-20T03:24:00+08:00";16,861;16,882;7,972
"2018-10-20T03:31:00+08:00";8,298;8,290;3,834
"2018-10-20T03:38:00+08:00";8,786;8,783;3,700
"2018-10-20T03:45:00+08:00";17,112;17,122;7,095
"2018-10-20T03:52:00+08:00";8,706;8,712;3,243
"2018-10-20T03:59:00+08:00";15,884;15,915;6,620
"2018-10-20T04:06:00+08:00";8,603;8,615;3,061
"2018-10-20T04:13:00+08:00";8,505;8,517;3,147
"2018-10-20T04:20:00+08:00";17,515;17,511;5,924
"2018-10-20T04:27:00+08:00";8,391;8,373;2,780
"2018-10-20T04:34:00+08:00";17,008;17,008;5,707
"2018-10-20T04:41:00+08:00";7,421;7,425;2,814
"2018-10-20T04:48:00+08:00";8,730;8,725;2,707
"2018-10-20T04:55:00+08:00";16,597;16,595;5,529
"2018-10-20T05:02:00+08:00";8,354;8,364;2,847
"2018-10-20T05:09:00+08:00";17,166;17,189;5,754
"2018-10-20T05:16:00+08:00";8,444;8,435;3,263
"2018-10-20T05:23:00+08:00";8,745;8,742;3,119
"2018-10-20T05:30:00+08:00";17,068;17,073;6,832
"2018-10-20T05:37:00+08:00";8,402;8,424;3,505
"2018-10-20T05:44:00+08:00";17,166;17,170;7,215
"2018-10-20T05:51:00+08:00";8,759;8,757;3,933
"2018-10-20T05:58:00+08:00";8,452;8,439;4,114
"2018-10-20T06:05:00+08:00";17,114;17,123;8,288
"2018-10-20T06:12:00+08:00";8,713;8,715;4,416
"2018-10-20T06:19:00+08:00";16,829;16,815;9,389
"2018-10-20T06:26:00+08:00";8,424;8,429;5,299
"2018-10-20T06:33:00+08:00";8,559;8,558;5,469
"2018-10-20T06:40:00+08:00";17,083;17,081;9,260
"2018-10-20T06:47:00+08:00";8,568;8,565;5,507
"2018-10-20T06:54:00+08:00";17,092;17,094;12,250
"2018-10-20T07:01:00+08:00";8,625;8,625;6,341
"2018-10-20T07:08:00+08:00";7,332;7,332;6,609
"2018-10-20T07:15:00+08:00";15,839;15,841;14,096
"2018-10-20T07:22:00+08:00";8,665;8,660;7,445
"2018-10-20T07:29:00+08:00";17,264;17,265;15,348
"2018-10-20T07:36:00+08:00";7,985;7,989;7,748
"2018-10-20T07:43:00+08:00";8,074;8,074;8,127
"2018-10-20T07:50:00+08:00";16,053;16,055;15,923
"2018-10-20T07:57:00+08:00";8,176;8,166;8,308
"2018-10-20T08:04:00+08:00";16,854;16,859;16,679
"2018-10-20T08:11:00+08:00";8,488;8,486;9,056
"2018-10-20T08:18:00+08:00";8,429;8,435;9,445
"2018-10-20T08:25:00+08:00";16,980;16,976;18,413
"2018-10-20T08:32:00+08:00";8,505;8,508;10,076
"2018-10-20T08:39:00+08:00";16,778;16,777;19,461
"2018-10-20T08:46:00+08:00";8,459;8,456;10,050
"2018-10-20T08:53:00+08:00";8,508;8,510;10,160
"2018-10-20T09:00:00+08:00";16,421;16,418;21,251
"2018-10-20T09:07:00+08:00";7,210;7,214;11,192
"2018-10-20T09:14:00+08:00";16,259;16,258;22,863
"2018-10-20T09:21:00+08:00";8,169;8,168;11,665
"2018-10-20T09:28:00+08:00";8,170;8,170;11,931
"2018-10-20T09:35:00+08:00";16,458;16,460;24,335
"2018-10-20T09:42:00+08:00";8,257;8,254;11,644
"2018-10-20T09:49:00+08:00";16,831;16,834;23,162
"2018-10-20T09:56:00+08:00";8,323;8,326;11,497
"2018-10-20T10:03:00+08:00";8,084;8,083;11,649
"2018-10-20T10:10:00+08:00";16,559;16,555;26,212
"2018-10-20T10:17:00+08:00";8,293;8,292;13,397
"2018-10-20T10:24:00+08:00";15,349;15,348;26,703
"2018-10-20T10:31:00+08:00";8,181;8,181;13,537
"2018-10-20T10:38:00+08:00";8,160;8,158;13,609
"2018-10-20T10:45:00+08:00";16,455;16,466;27,532
"2018-10-20T10:52:00+08:00";8,165;8,157;14,139
"2018-10-20T10:59:00+08:00";15,076;15,081;29,490
"2018-10-20T11:06:00+08:00";8,093;8,087;14,475
"2018-10-20T11:13:00+08:00";8,081;8,088;15,185
"2018-10-20T11:20:00+08:00";15,053;15,046;30,026
"2018-10-20T11:27:00+08:00";8,077;8,079;15,053
"2018-10-20T11:34:00+08:00";16,185;16,187;30,809
"2018-10-20T11:41:00+08:00";8,119;8,119;15,490
"2018-10-20T11:48:00+08:00";8,210;8,207;15,110
"2018-10-20T11:55:00+08:00";16,048;16,046;31,493
"2018-10-20T12:02:00+08:00";8,134;8,135;15,932
"2018-10-20T12:09:00+08:00";14,918;14,922;32,630
"2018-10-20T12:16:00+08:00";8,106;8,108;16,574
"2018-10-20T12:23:00+08:00";8,069;8,056;16,227
"2018-10-20T12:30:00+08:00";16,050;16,057;32,459
"2018-10-20T12:37:00+08:00";8,127;8,130;15,845
"2018-10-20T12:44:00+08:00";15,950;15,951;31,691
"2018-10-20T12:51:00+08:00";8,068;8,065;15,349
"2018-10-20T12:58:00+08:00";7,777;7,779;16,274
"2018-10-20T13:05:00+08:00";15,877;15,879;33,908
"2018-10-20T13:12:00+08:00";7,980;7,978;17,215
"2018-10-20T13:19:00+08:00";15,678;15,676;34,290
"2018-10-20T13:26:00+08:00";7,758;7,762;17,691
"2018-10-20T13:33:00+08:00";7,885;7,878;17,530
"2018-10-20T13:40:00+08:00";16,018;16,024;34,238
"2018-10-20T13:47:00+08:00";7,957;7,955;16,787
"2018-10-20T13:54:00+08:00";16,196;16,202;33,777
"2018-10-20T14:01:00+08:00";7,864;7,854;16,529
"2018-10-20T14:08:00+08:00";7,656;7,659;16,792
"2018-10-20T14:15:00+08:00";14,969;14,966;34,285
"2018-10-20T14:22:00+08:00";6,687;6,691;17,025
"2018-10-20T14:29:00+08:00";15,823;15,824;33,956
"2018-10-20T14:36:00+08:00";8,110;8,111;17,252
"2018-10-20T14:43:00+08:00";7,893;7,890;17,465
"2018-10-20T14:50:00+08:00";15,765;15,770;34,212
"2018-10-20T14:57:00+08:00";7,850;7,847;16,751
"2018-10-20T15:04:00+08:00";15,839;15,840;33,197
"2018-10-20T15:11:00+08:00";7,893;7,894;17,282
"2018-10-20T15:18:00+08:00";7,987;7,985;16,910
"2018-10-20T15:25:00+08:00";15,890;15,892;33,793
"2018-10-20T15:32:00+08:00";7,984;7,979;16,705
"2018-10-20T15:39:00+08:00";15,742;15,751;33,485
"2018-10-20T15:46:00+08:00";8,067;8,057;16,436
"2018-10-20T15:53:00+08:00";7,920;7,917;15,854
"2018-10-20T16:00:00+08:00";16,215;16,223;31,554
"2018-10-20T16:07:00+08:00";7,990;7,990;15,379
"2018-10-20T16:14:00+08:00";14,723;14,723;31,053
"2018-10-20T16:21:00+08:00";7,860;7,858;15,254
"2018-10-20T16:28:00+08:00";7,932;7,933;15,255
"2018-10-20T16:35:00+08:00";16,059;16,061;30,494
"2018-10-20T16:42:00+08:00";8,064;8,060;15,011
"2018-10-20T16:49:00+08:00";16,254;16,255;29,609
"2018-10-20T16:56:00+08:00";7,988;7,992;14,763
"2018-10-20T17:03:00+08:00";8,085;8,084;14,224
"2018-10-20T17:10:00+08:00";15,067;15,068;29,158
"2018-10-20T17:17:00+08:00";7,934;7,931;11,765
"2018-10-20T17:24:00+08:00";16,183;16,188;29,078
"2018-10-20T17:31:00+08:00";7,965;7,966;14,545
"2018-10-20T17:38:00+08:00";7,896;7,888;14,444
"2018-10-20T17:45:00+08:00";15,823;15,820;28,935
"2018-10-20T17:52:00+08:00";7,885;7,893;13,925
"2018-10-20T17:59:00+08:00";15,812;15,805;27,868
"2018-10-20T18:06:00+08:00";7,971;7,970;14,003
"2018-10-20T18:13:00+08:00";7,827;7,836;13,862
"2018-10-20T18:20:00+08:00";15,230;15,224;28,451
"2018-10-20T18:27:00+08:00";7,787;7,791;14,075
"2018-10-20T18:34:00+08:00";15,717;15,721;28,114
"2018-10-20T18:41:00+08:00";7,908;7,907;11,516
"2018-10-20T18:48:00+08:00";7,865;7,857;10,217
"2018-10-20T18:55:00+08:00";15,548;15,543;25,610
"2018-10-20T19:02:00+08:00";7,795;7,800;12,181
"2018-10-20T19:09:00+08:00";15,424;15,428;30,329
"2018-10-20T19:16:00+08:00";7,663;7,660;16,645
"2018-10-20T19:23:00+08:00";7,673;7,674;15,915
"2018-10-20T19:30:00+08:00";15,545;15,549;32,577
"2018-10-20T19:37:00+08:00";7,517;7,512;17,404
"2018-10-20T19:44:00+08:00";15,123;15,124;34,778
"2018-10-20T19:51:00+08:00";7,681;7,686;17,603
"2018-10-20T19:58:00+08:00";7,416;7,407;19,056
"2018-10-20T20:05:00+08:00";14,923;14,930;38,967
"2018-10-20T20:12:00+08:00";7,522;7,519;20,415
"2018-10-20T20:19:00+08:00";14,528;14,528;46,247
"2018-10-20T20:26:00+08:00";7,451;7,452;26,550
"2018-10-20T20:33:00+08:00";7,474;7,474;22,539
"2018-10-20T20:40:00+08:00";13,982;13,980;53,079
"2018-10-20T20:47:00+08:00";7,340;7,344;30,443
"2018-10-20T20:54:00+08:00";14,491;14,490;57,088
"2018-10-20T21:01:00+08:00";7,423;7,417;23,669
"2018-10-20T21:08:00+08:00";7,375;7,380;23,038
"2018-10-20T21:15:00+08:00";13,780;13,779;56,334
"2018-10-20T21:22:00+08:00";7,226;7,224;25,576
"2018-10-20T21:29:00+08:00";14,552;14,552;48,203
"2018-10-20T21:36:00+08:00";7,262;7,267;25,071
"2018-10-20T21:43:00+08:00";7,245;7,246;28,906
"2018-10-20T21:50:00+08:00";14,630;14,630;52,458
"2018-10-20T21:57:00+08:00";7,030;7,027;28,677
"2018-10-20T22:04:00+08:00";14,963;14,965;56,490
"2018-10-20T22:11:00+08:00";7,447;7,443;25,578
"2018-10-20T22:18:00+08:00";6,751;6,753;25,735
"2018-10-20T22:25:00+08:00";15,243;15,239;49,248
"2018-10-20T22:32:00+08:00";7,745;7,748;23,316
"2018-10-20T22:39:00+08:00";15,328;15,325;47,232
"2018-10-20T22:46:00+08:00";7,715;7,719;23,990
"2018-10-20T22:53:00+08:00";7,694;7,692;22,068
"2018-10-20T23:00:00+08:00";14,758;14,758;40,328
"2018-10-20T23:07:00+08:00";6,553;6,553;18,635
"2018-10-20T23:14:00+08:00";15,397;15,395;38,484
"2018-10-20T23:21:00+08:00";7,632;7,634;17,401
"2018-10-20T23:28:00+08:00";7,809;7,813;17,808
"2018-10-20T23:35:00+08:00";14,770;14,767;33,330
"2018-10-20T23:42:00+08:00";7,292;7,292;16,625
"2018-10-20T23:49:00+08:00";15,651;15,649;31,742
"2018-10-20T23:56:00+08:00";7,905;7,910;14,905
"2018-10-21T00:03:00+08:00";8,037;8,034;14,350
"2018-10-21T00:10:00+08:00";16,517;16,516;28,917
"2018-10-21T00:17:00+08:00";8,145;8,150;14,465
"2018-10-21T00:24:00+08:00";16,211;16,210;27,074
"2018-10-21T00:31:00+08:00";8,032;8,035;13,096
"2018-10-21T00:38:00+08:00";8,145;8,136;12,886
"2018-10-21T00:45:00+08:00";16,021;16,020;25,365
"2018-10-21T00:52:00+08:00";8,181;8,191;11,715
"2018-10-21T00:59:00+08:00";16,456;16,451;23,675
"2018-10-21T01:06:00+08:00";8,101;8,102;11,028
"2018-10-21T01:13:00+08:00";8,314;8,315;10,984
"2018-10-21T01:20:00+08:00";16,721;16,719;21,072
"2018-10-21T01:27:00+08:00";8,307;8,303;9,939
"2018-10-21T01:34:00+08:00";16,856;16,859;18,176
"2018-10-21T01:41:00+08:00";8,377;8,378;8,954
"2018-10-21T01:48:00+08:00";8,273;8,275;8,740
"2018-10-21T01:55:00+08:00";16,772;16,773;15,731
"2018-10-21T02:02:00+08:00";7,709;7,706;8,028
"2018-10-21T02:09:00+08:00";16,084;16,082;15,395
"2018-10-21T02:16:00+08:00";8,381;8,388;7,286
"2018-10-21T02:23:00+08:00";8,483;8,482;7,198
"2018-10-21T02:30:00+08:00";16,644;16,640;13,534
"2018-10-21T02:37:00+08:00";8,548;8,547;6,152
"2018-10-21T02:44:00+08:00";17,343;17,348;11,947
"2018-10-21T02:51:00+08:00";8,617;8,611;5,757
"2018-10-21T02:58:00+08:00";8,496;8,498;5,362
"2018-10-21T03:05:00+08:00";16,872;16,873;10,556
"2018-10-21T03:12:00+08:00";8,468;8,475;5,032
"2018-10-21T03:19:00+08:00";17,338;17,336;9,521
"2018-10-21T03:26:00+08:00";8,532;8,528;4,618
"2018-10-21T03:33:00+08:00";8,696;8,697;4,184
"2018-10-21T03:40:00+08:00";16,165;16,161;8,115
"2018-10-21T03:47:00+08:00";8,573;8,577;4,100
"2018-10-21T03:54:00+08:00";15,892;15,886;7,742
"2018-10-21T04:01:00+08:00";8,570;8,575;3,825
"2018-10-21T04:08:00+08:00";8,485;8,485;3,736
"2018-10-21T04:15:00+08:00";17,032;17,028;7,137
"2018-10-21T04:22:00+08:00";8,532;8,531;3,481
"2018-10-21T04:29:00+08:00";16,293;16,296;6,582
"2018-10-21T04:36:00+08:00";8,592;8,590;3,044
"2018-10-21T04:43:00+08:00";8,598;8,599;3,005
"2018-10-21T04:50:00+08:00";17,131;17,135;6,145
"2018-10-21T04:57:00+08:00";8,575;8,573;3,000
"2018-10-21T05:04:00+08:00";17,494;17,495;6,393
"2018-10-21T05:11:00+08:00";8,725;8,726;3,100
"2018-10-21T05:18:00+08:00";8,510;8,512;3,152
"2018-10-21T05:25:00+08:00";16,960;16,954;6,382
"2018-10-21T05:32:00+08:00";8,617;8,619;3,382
"2018-10-21T05:39:00+08:00";17,180;17,178;7,136
"2018-10-21T05:46:00+08:00";8,673;8,673;3,873
"2018-10-21T05:53:00+08:00";8,641;8,640;3,733
"2018-10-21T06:00:00+08:00";17,267;17,268;8,268
"2018-10-21T06:07:00+08:00";8,181;8,185;4,252
"2018-10-21T06:14:00+08:00";16,201;16,199;9,346
"2018-10-21T06:21:00+08:00";8,617;8,611;5,021
"2018-10-21T06:28:00+08:00";8,483;8,489;5,357
"2018-10-21T06:35:00+08:00";17,024;17,026;10,777
"2018-10-21T06:42:00+08:00";8,617;8,614;5,516
"2018-10-21T06:49:00+08:00";15,788;15,787;11,449
"2018-10-21T06:56:00+08:00";8,611;8,616;6,948
"2018-10-21T07:03:00+08:00";8,445;8,435;6,816
"2018-10-21T07:10:00+08:00";16,960;16,963;14,143
"2018-10-21T07:17:00+08:00";8,323;8,328;7,400
"2018-10-21T07:24:00+08:00";15,696;15,697;14,811
"2018-10-21T07:31:00+08:00";8,351;8,343;7,506
"2018-10-21T07:38:00+08:00";8,466;8,473;7,334
"2018-10-21T07:45:00+08:00";16,656;16,654;15,258
"2018-10-21T07:52:00+08:00";8,517;8,517;7,890
"2018-10-21T07:59:00+08:00";16,874;16,875;16,155
"2018-10-21T08:06:00+08:00";7,082;7,083;8,343
"2018-10-21T08:13:00+08:00";8,232;8,232;8,678
"2018-10-21T08:20:00+08:00";16,903;16,907;14,167
"2018-10-21T08:27:00+08:00";8,258;8,250;9,174
"2018-10-21T08:34:00+08:00";16,898;16,905;18,716
"2018-10-21T08:41:00+08:00";8,416;8,412;9,746
"2018-10-21T08:48:00+08:00";7,443;7,440;10,138
"2018-10-21T08:55:00+08:00";16,292;16,300;20,287
"2018-10-21T09:02:00+08:00";8,340;8,336;10,277
"2018-10-21T09:09:00+08:00";16,232;16,235;21,884
"2018-10-21T09:16:00+08:00";8,295;8,289;11,302
"2018-10-21T09:23:00+08:00";8,426;8,427;11,519
"2018-10-21T09:30:00+08:00";15,266;15,267;22,963
"2018-10-21T09:37:00+08:00";8,048;8,047;11,589
"2018-10-21T09:44:00+08:00";14,949;14,948;24,609
"2018-10-21T09:51:00+08:00";7,141;7,139;12,289
"2018-10-21T09:58:00+08:00";7,999;8,003;12,684
"2018-10-21T10:05:00+08:00";16,146;16,153;25,384
"2018-10-21T10:12:00+08:00";8,136;8,132;13,642
"2018-10-21T10:19:00+08:00";16,300;16,295;27,599
"2018-10-21T10:26:00+08:00";8,036;8,033;13,756
"2018-10-21T10:33:00+08:00";8,197;8,205;14,061
"2018-10-21T10:40:00+08:00";14,945;14,944;28,161
"2018-10-21T10:47:00+08:00";8,282;8,281;14,445
"2018-10-21T10:54:00+08:00";16,385;16,379;28,234
"2018-10-21T11:01:00+08:00";8,110;8,112;13,970
"2018-10-21T11:08:00+08:00";8,133;8,137;14,048
"2018-10-21T11:15:00+08:00";16,008;16,004;30,900
"2018-10-21T11:22:00+08:00";8,021;8,021;15,573
"2018-10-21T11:29:00+08:00";15,002;15,004;32,061
"2018-10-21T11:36:00+08:00";8,067;8,069;16,177
"2018-10-21T11:43:00+08:00";8,048;8,046;15,451
"2018-10-21T11:50:00+08:00";16,218;16,219;32,145
"2018-10-21T11:57:00+08:00";7,928;7,930;16,034
"2018-10-21T12:04:00+08:00";14,683;14,679;32,598
"2018-10-21T12:11:00+08:00";7,805;7,807;17,371
"2018-10-21T12:18:00+08:00";7,844;7,849;16,214
"2018-10-21T12:25:00+08:00";14,644;14,635;32,849
"2018-10-21T12:32:00+08:00";7,745;7,750;16,401
"2018-10-21T12:39:00+08:00";15,671;15,665;32,011
"2018-10-21T12:46:00+08:00";7,942;7,949;16,385
"2018-10-21T12:53:00+08:00";7,979;7,972;16,440
"2018-10-21T13:00:00+08:00";15,648;15,653;33,006
"2018-10-21T13:07:00+08:00";7,913;7,912;16,557
"2018-10-21T13:14:00+08:00";14,848;14,848;34,394
"2018-10-21T13:21:00+08:00";7,986;7,985;16,754
"2018-10-21T13:28:00+08:00";8,034;8,039;17,038
"2018-10-21T13:35:00+08:00";14,956;14,953;34,613
"2018-10-21T13:42:00+08:00";7,862;7,863;17,586
"2018-10-21T13:49:00+08:00";14,763;14,765;34,290
"2018-10-21T13:56:00+08:00";8,026;8,016;16,911
"2018-10-21T14:03:00+08:00";8,037;8,039;17,114
"2018-10-21T14:10:00+08:00";13,424;13,427;34,843
"2018-10-21T14:17:00+08:00";7,225;7,226;17,942
"2018-10-21T14:24:00+08:00";14,321;14,322;35,718
"2018-10-21T14:31:00+08:00";7,830;7,827;18,318
"2018-10-21T14:38:00+08:00";7,893;7,891;17,927
"2018-10-21T14:45:00+08:00";15,802;15,803;36,053
"2018-10-21T14:52:00+08:00";7,934;7,937;18,018
"2018-10-21T14:59:00+08:00";14,833;14,833;35,517
"2018-10-21T15:06:00+08:00";7,884;7,885;17,315
"2018-10-21T15:13:00+08:00";7,831;7,830;17,755
"2018-10-21T15:20:00+08:00";15,433;15,436;35,188
"2018-10-21T15:27:00+08:00";7,906;7,904;17,785
"2018-10-21T15:34:00+08:00";15,723;15,730;35,090
"2018-10-21T15:41:00+08:00";7,886;7,877;16,551
"2018-10-21T15:48:00+08:00";7,908;7,914;16,610
"2018-10-21T15:55:00+08:00";15,367;15,362;32,360
"2018-10-21T16:02:00+08:00";7,295;7,295;16,263
"2018-10-21T16:09:00+08:00";15,754;15,755;31,333
"2018-10-21T16:16:00+08:00";7,937;7,938;15,962
"2018-10-21T16:23:00+08:00";7,985;7,983;15,712
"2018-10-21T16:30:00+08:00";15,902;15,902;31,184
"2018-10-21T16:37:00+08:00";8,022;8,022;15,748
"2018-10-21T16:44:00+08:00";16,095;16,095;31,039
"2018-10-21T16:51:00+08:00";8,009;8,013;15,247
"2018-10-21T16:58:00+08:00";7,966;7,962;14,220
"2018-10-21T17:05:00+08:00";14,889;14,891;28,190
"2018-10-21T17:12:00+08:00";7,161;7,162;14,786
"2018-10-21T17:19:00+08:00";15,451;15,448;28,983
"2018-10-21T17:26:00+08:00";7,582;7,580;15,155
"2018-10-21T17:33:00+08:00";7,974;7,972;15,372
"2018-10-21T17:40:00+08:00";16,060;16,060;29,126
"2018-10-21T17:47:00+08:00";8,117;8,123;14,595
"2018-10-21T17:54:00+08:00";16,225;16,222;26,020
"2018-10-21T18:01:00+08:00";7,366;7,367;12,895
"2018-10-21T18:08:00+08:00";7,559;7,559;14,331
"2018-10-21T18:15:00+08:00";15,793;15,791;29,035
"2018-10-21T18:22:00+08:00";7,984;7,988;13,593
"2018-10-21T18:29:00+08:00";14,735;14,728;24,312
"2018-10-21T18:36:00+08:00";7,921;7,928;14,151
"2018-10-21T18:43:00+08:00";7,863;7,866;14,971
"2018-10-21T18:50:00+08:00";14,994;14,984;24,128
"2018-10-21T18:57:00+08:00";7,876;7,882;13,616
"2018-10-21T19:04:00+08:00";16,013;16,013;29,826
"2018-10-21T19:11:00+08:00";7,917;7,916;14,430
"2018-10-21T19:18:00+08:00";7,905;7,905;13,227
"2018-10-21T19:25:00+08:00";15,794;15,794;32,017
"2018-10-21T19:32:00+08:00";7,937;7,938;16,509
"2018-10-21T19:39:00+08:00";15,804;15,804;35,795
"2018-10-21T19:46:00+08:00";7,805;7,799;17,869
"2018-10-21T19:53:00+08:00";7,948;7,949;18,427
"2018-10-21T20:00:00+08:00";15,328;15,329;36,582
"2018-10-21T20:07:00+08:00";7,626;7,632;19,988
"2018-10-21T20:14:00+08:00";14,128;14,127;41,217
"2018-10-21T20:21:00+08:00";7,510;7,506;20,004
"2018-10-21T20:28:00+08:00";7,531;7,540;20,332
"2018-10-21T20:35:00+08:00";15,160;15,159;42,915
"2018-10-21T20:42:00+08:00";7,740;7,738;17,516
"2018-10-21T20:49:00+08:00";15,369;15,365;47,918
"2018-10-21T20:56:00+08:00";7,246;7,242;21,268
"2018-10-21T21:03:00+08:00";7,763;7,770;22,384
"2018-10-21T21:10:00+08:00";15,796;15,793;44,565
"2018-10-21T21:17:00+08:00";7,919;7,917;23,028
"2018-10-21T21:24:00+08:00";15,608;15,610;41,716
"2018-10-21T21:31:00+08:00";7,820;7,820;14,542
"2018-10-21T21:38:00+08:00";7,691;7,697;17,393
"2018-10-21T21:45:00+08:00";15,933;15,928;41,146
"2018-10-21T21:52:00+08:00";6,772;6,773;20,947
"2018-10-21T21:59:00+08:00";11,845;11,844;41,661
"2018-10-21T22:06:00+08:00";7,701;7,697;20,507
"2018-10-21T22:13:00+08:00";7,724;7,728;19,077
"2018-10-21T22:20:00+08:00";15,553;15,551;37,743
"2018-10-21T22:27:00+08:00";7,885;7,884;18,860
"2018-10-21T22:34:00+08:00";15,524;15,519;38,755
"2018-10-21T22:41:00+08:00";7,900;7,903;19,103
"2018-10-21T22:48:00+08:00";7,890;7,896;18,633
"2018-10-21T22:55:00+08:00";15,872;15,869;32,087
"2018-10-21T23:02:00+08:00";8,018;8,017;14,326
"2018-10-21T23:09:00+08:00";16,339;16,343;32,880
"2018-10-21T23:16:00+08:00";8,090;8,091;16,286
"2018-10-21T23:23:00+08:00";8,253;8,251;16,571
"2018-10-21T23:30:00+08:00";16,292;16,291;32,151
"2018-10-21T23:37:00+08:00";8,169;8,173;14,862
"2018-10-21T23:44:00+08:00";16,554;16,555;29,414
"2018-10-21T23:51:00+08:00";8,219;8,216;13,660
"2018-10-21T23:58:00+08:00";8,138;8,135;13,392
"2018-10-22T00:05:00+08:00";16,520;16,517;25,681
"2018-10-22T00:12:00+08:00";8,498;8,502;12,238
"2018-10-22T00:19:00+08:00";16,832;16,828;24,257
"2018-10-22T00:26:00+08:00";7,151;7,156;11,730
"2018-10-22T00:33:00+08:00";7,678;7,674;11,477
"2018-10-22T00:40:00+08:00";16,618;16,613;21,928
"2018-10-22T00:47:00+08:00";8,481;8,491;9,823
"2018-10-22T00:54:00+08:00";16,860;16,859;19,410
"2018-10-22T01:01:00+08:00";8,434;8,434;9,356
"2018-10-22T01:08:00+08:00";8,398;8,395;8,829
"2018-10-22T01:15:00+08:00";16,984;16,985;17,138
"2018-10-22T01:22:00+08:00";8,644;8,645;8,019
"2018-10-22T01:29:00+08:00";16,006;16,013;15,191
"2018-10-22T01:36:00+08:00";8,593;8,583;7,233
"2018-10-22T01:43:00+08:00";8,604;8,607;7,201
"2018-10-22T01:50:00+08:00";17,430;17,428;12,946
"2018-10-22T01:57:00+08:00";8,552;8,555;6,295
"2018-10-22T02:04:00+08:00";17,053;17,052;11,940
"2018-10-22T02:11:00+08:00";8,675;8,668;5,409
"2018-10-22T02:18:00+08:00";8,776;8,780;5,431
"2018-10-22T02:25:00+08:00";17,275;17,274;10,015
"2018-10-22T02:32:00+08:00";8,712;8,719;4,738
"2018-10-22T02:39:00+08:00";17,240;17,240;8,857
"2018-10-22T02:46:00+08:00";8,692;8,686;4,146
"2018-10-22T02:53:00+08:00";8,898;8,904;4,252
"2018-10-22T03:00:00+08:00";17,336;17,337;7,940
"2018-10-22T03:07:00+08:00";8,490;8,488;3,734
"2018-10-22T03:14:00+08:00";17,303;17,301;7,166
"2018-10-22T03:21:00+08:00";8,121;8,123;3,352
"2018-10-22T03:28:00+08:00";8,092;8,085;3,478
"2018-10-22T03:35:00+08:00";17,379;17,383;6,395
"2018-10-22T03:42:00+08:00";8,872;8,874;3,226
"2018-10-22T03:49:00+08:00";18,032;18,035;6,101
"2018-10-22T03:56:00+08:00";9,010;9,004;2,885
"2018-10-22T04:03:00+08:00";8,945;8,951;3,033
"2018-10-22T04:10:00+08:00";17,709;17,704;5,822
"2018-10-22T04:17:00+08:00";8,803;8,803;2,825
"2018-10-22T04:24:00+08:00";16,360;16,364;5,283
"2018-10-22T04:31:00+08:00";8,403;8,402;2,226
"2018-10-22T04:38:00+08:00";8,760;8,762;2,357
"2018-10-22T04:45:00+08:00";17,849;17,844;5,123
"2018-10-22T04:52:00+08:00";9,015;9,024;2,577
"2018-10-22T04:59:00+08:00";17,864;17,854;5,706
"2018-10-22T05:06:00+08:00";8,816;8,819;2,767
"2018-10-22T05:13:00+08:00";9,116;9,112;2,918
"2018-10-22T05:20:00+08:00";17,849;17,853;5,497
"2018-10-22T05:27:00+08:00";8,864;8,869;3,042
"2018-10-22T05:34:00+08:00";17,717;17,714;6,284
"2018-10-22T05:41:00+08:00";9,065;9,066;3,277
"2018-10-22T05:48:00+08:00";8,891;8,889;3,259
"2018-10-22T05:55:00+08:00";17,857;17,862;7,155
"2018-10-22T06:02:00+08:00";8,763;8,762;3,908
"2018-10-22T06:09:00+08:00";17,401;17,396;8,425
"2018-10-22T06:16:00+08:00";8,906;8,907;4,315
"2018-10-22T06:23:00+08:00";8,832;8,833;4,444
"2018-10-22T06:30:00+08:00";17,457;17,453;9,305
"2018-10-22T06:37:00+08:00";8,653;8,658;4,465
"2018-10-22T06:44:00+08:00";16,555;16,558;9,612
"2018-10-22T06:51:00+08:00";8,882;8,874;4,963
"2018-10-22T06:58:00+08:00";8,760;8,766;5,667
"2018-10-22T07:05:00+08:00";17,341;17,335;10,852
"2018-10-22T07:12:00+08:00";8,657;8,665;5,287
"2018-10-22T07:19:00+08:00";17,574;17,567;11,522
"2018-10-22T07:26:00+08:00";6,722;6,721;6,055
"2018-10-22T07:33:00+08:00";8,666;8,673;6,206
"2018-10-22T07:40:00+08:00";17,524;17,517;12,524
"2018-10-22T07:47:00+08:00";8,834;8,843;6,614
"2018-10-22T07:54:00+08:00";15,940;15,930;13,456
"2018-10-22T08:01:00+08:00";8,524;8,521;7,006
"2018-10-22T08:08:00+08:00";8,479;8,482;6,891
"2018-10-22T08:15:00+08:00";17,101;17,107;14,497
"2018-10-22T08:22:00+08:00";8,623;8,624;7,377
"2018-10-22T08:29:00+08:00";17,117;17,112;15,669
"2018-10-22T08:36:00+08:00";8,756;8,750;8,224
"2018-10-22T08:43:00+08:00";8,558;8,561;8,287
"2018-10-22T08:50:00+08:00";17,289;17,292;17,156
"2018-10-22T08:57:00+08:00";8,507;8,506;8,855
"2018-10-22T09:04:00+08:00";16,799;16,800;18,376
"2018-10-22T09:11:00+08:00";8,433;8,435;8,984
"2018-10-22T09:18:00+08:00";8,324;8,322;9,496
"2018-10-22T09:25:00+08:00";16,606;16,608;19,243
"2018-10-22T09:32:00+08:00";8,449;8,451;9,944
"2018-10-22T09:39:00+08:00";15,653;15,648;19,579
"2018-10-22T09:46:00+08:00";8,258;8,258;9,929
"2018-10-22T09:53:00+08:00";7,312;7,311;10,049
"2018-10-22T10:00:00+08:00";16,465;16,466;19,783
"2018-10-22T10:07:00+08:00";8,532;8,534;10,582
"2018-10-22T10:14:00+08:00";16,646;16,646;21,176
"2018-10-22T10:21:00+08:00";7,826;7,819;10,796
"2018-10-22T10:28:00+08:00";7,740;7,741;11,010
"2018-10-22T10:35:00+08:00";15,734;15,742;22,289
"2018-10-22T10:42:00+08:00";8,402;8,398;10,571
"2018-10-22T10:49:00+08:00";15,842;15,838;22,810
"2018-10-22T10:56:00+08:00";8,305;8,313;11,791
"2018-10-22T11:03:00+08:00";7,320;7,320;11,859
"2018-10-22T11:10:00+08:00";16,714;16,710;24,408
"2018-10-22T11:17:00+08:00";8,263;8,265;12,449
"2018-10-22T11:24:00+08:00";16,673;16,675;25,429
"2018-10-22T11:31:00+08:00";8,224;8,219;12,806
"2018-10-22T11:38:00+08:00";8,393;8,398;12,777
"2018-10-22T11:45:00+08:00";16,717;16,715;24,897
"2018-10-22T11:52:00+08:00";8,226;8,222;12,693
"2018-10-22T11:59:00+08:00";16,085;16,087;25,774
"2018-10-22T12:06:00+08:00";8,007;8,007;13,890
"2018-10-22T12:13:00+08:00";8,124;8,125;13,695
"2018-10-22T12:20:00+08:00";16,450;16,451;26,491
"2018-10-22T12:27:00+08:00";8,076;8,079;13,363
"2018-10-22T12:34:00+08:00";16,129;16,126;23,520
"2018-10-22T12:41:00+08:00";8,080;8,080;12,952
"2018-10-22T12:48:00+08:00";8,223;8,223;13,419
"2018-10-22T12:55:00+08:00";16,216;16,214;27,043
"2018-10-22T13:02:00+08:00";8,074;8,077;14,048
"2018-10-22T13:09:00+08:00";16,024;16,023;28,470
"2018-10-22T13:16:00+08:00";8,057;8,059;14,630
"2018-10-22T13:23:00+08:00";8,033;8,029;14,014
"2018-10-22T13:30:00+08:00";16,395;16,400;29,789
"2018-10-22T13:37:00+08:00";8,155;8,152;14,879
"2018-10-22T13:44:00+08:00";16,054;16,058;29,000
"2018-10-22T13:51:00+08:00";8,047;8,044;13,951
"2018-10-22T13:58:00+08:00";8,041;8,039;14,198
"2018-10-22T14:05:00+08:00";15,887;15,887;27,542
"2018-10-22T14:12:00+08:00";7,766;7,765;14,329
"2018-10-22T14:19:00+08:00";14,225;14,232;24,501
"2018-10-22T14:26:00+08:00";7,994;7,986;13,886
"2018-10-22T14:33:00+08:00";8,027;8,034;15,096
"2018-10-22T14:40:00+08:00";16,352;16,345;28,841
"2018-10-22T14:47:00+08:00";8,266;8,271;14,244
"2018-10-22T14:54:00+08:00";16,178;16,174;27,771
"2018-10-22T15:01:00+08:00";7,949;7,953;11,571
"2018-10-22T15:08:00+08:00";16,173;16,190;12,279
"2018-10-22T15:15:00+08:00";107,209;107,242;27,992
"2018-10-22T15:22:00+08:00";56,124;56,123;13,608
"2018-10-22T15:29:00+08:00";95,797;95,755;25,767
"2018-10-22T15:36:00+08:00";7,943;7,943;7,941
"2018-10-22T15:43:00+08:00";6,511;6,512;6,512
"2018-10-22T15:50:00+08:00";12,094;12,099;12,091
"2018-10-22T15:57:00+08:00";5,531;5,534;5,533
"2018-10-22T16:04:00+08:00";12,504;12,502;12,829
"2018-10-22T16:11:00+08:00";4,237;4,242;10,264
"2018-10-22T16:18:00+08:00";7,345;7,338;11,753
"2018-10-22T16:25:00+08:00";15,620;15,624;23,304
"2018-10-22T16:32:00+08:00";8,098;8,093;11,918
"2018-10-22T16:39:00+08:00";16,346;16,348;23,634
"2018-10-22T16:46:00+08:00";8,098;8,115;11,189
"2018-10-22T16:53:00+08:00";13,338;13,350;11,261
"2018-10-22T17:00:00+08:00";49,120;49,101;18,549
"2018-10-22T17:07:00+08:00";5,528;5,537;5,531
"2018-10-22T17:14:00+08:00";13,923;13,925;13,931
"2018-10-22T17:21:00+08:00";6,207;6,205;6,196
"2018-10-22T17:28:00+08:00";6,193;6,195;6,213
"2018-10-22T17:35:00+08:00";13,299;13,299;13,278
"2018-10-22T17:42:00+08:00";5,607;5,604;5,607
"2018-10-22T17:49:00+08:00";10,708;10,709;10,706
"2018-10-22T17:56:00+08:00";5,098;5,098;5,103
"2018-10-22T18:03:00+08:00";5,030;5,033;5,034
"2018-10-22T18:10:00+08:00";9,440;9,439;9,436
"2018-10-22T18:17:00+08:00";3,701;3,698;3,693
"2018-10-22T18:24:00+08:00";10,992;10,993;10,997
"2018-10-22T18:31:00+08:00";5,322;5,321;5,326
"2018-10-22T18:38:00+08:00";5,189;5,191;5,190
"2018-10-22T18:45:00+08:00";11,830;11,829;11,824
"2018-10-22T18:52:00+08:00";6,576;6,577;6,592
"2018-10-22T18:59:00+08:00";12,030;12,029;12,017
"2018-10-22T19:06:00+08:00";6,279;6,274;6,712
"2018-10-22T19:13:00+08:00";6,806;6,812;10,071
"2018-10-22T19:20:00+08:00";15,173;15,179;23,141
"2018-10-22T19:27:00+08:00";8,015;8,007;12,832
"2018-10-22T19:34:00+08:00";14,904;14,906;28,000
"2018-10-22T19:41:00+08:00";7,994;7,996;14,484
"2018-10-22T19:48:00+08:00";7,051;7,054;14,402
"2018-10-22T19:55:00+08:00";15,579;15,576;28,993
"2018-10-22T20:02:00+08:00";8,035;8,032;14,375
"2018-10-22T20:09:00+08:00";15,892;15,892;25,624
"2018-10-22T20:16:00+08:00";7,937;7,936;15,194
"2018-10-22T20:23:00+08:00";7,821;7,826;12,125
"2018-10-22T20:30:00+08:00";15,721;15,715;33,142
"2018-10-22T20:37:00+08:00";6,902;6,907;18,111
"2018-10-22T20:44:00+08:00";15,774;15,770;35,432
"2018-10-22T20:51:00+08:00";8,171;8,171;4,218
"2018-10-22T20:58:00+08:00";8,051;8,047;74
"2018-10-22T21:05:00+08:00";14,932;14,936;893
"2018-10-22T21:12:00+08:00";7,594;7,599;15
"2018-10-22T21:19:00+08:00";15,501;15,502;25,813
"2018-10-22T21:26:00+08:00";7,528;7,517;13,446
"2018-10-22T21:33:00+08:00";7,918;7,929;22,009
"2018-10-22T21:40:00+08:00";14,829;14,822;42,215
"2018-10-22T21:47:00+08:00";7,857;7,858;21,803
"2018-10-22T21:54:00+08:00";15,680;15,682;40,580
"2018-10-22T22:01:00+08:00";7,955;7,957;19,252
"2018-10-22T22:08:00+08:00";8,058;8,055;19,039
"2018-10-22T22:15:00+08:00";15,198;15,197;38,935
"2018-10-22T22:22:00+08:00";7,460;7,459;18,239
"2018-10-22T22:29:00+08:00";15,210;15,212;27,189
"2018-10-22T22:36:00+08:00";6,701;6,704;18,641
"2018-10-22T22:43:00+08:00";7,182;7,175;17,987
"2018-10-22T22:50:00+08:00";15,575;15,574;34,016
"2018-10-22T22:57:00+08:00";6,755;6,763;13,646
"2018-10-22T23:04:00+08:00";15,968;15,964;33,214
"2018-10-22T23:11:00+08:00";8,161;8,160;15,724
"2018-10-22T23:18:00+08:00";8,152;8,161;15,262
"2018-10-22T23:25:00+08:00";15,178;15,172;30,697
"2018-10-22T23:32:00+08:00";8,229;8,228;15,752
"2018-10-22T23:39:00+08:00";16,819;16,821;29,862
"2018-10-22T23:46:00+08:00";8,446;8,450;13,984
"2018-10-22T23:53:00+08:00";8,658;8,652;13,824
"2018-10-23T00:00:00+08:00";16,989;16,988;26,409
"2018-10-23T00:07:00+08:00";8,320;8,320;13,272
"2018-10-23T00:14:00+08:00";16,988;16,989;24,955
"2018-10-23T00:21:00+08:00";8,462;8,463;12,230
"2018-10-23T00:28:00+08:00";8,266;8,269;11,767
"2018-10-23T00:35:00+08:00";16,951;16,949;22,027
"2018-10-23T00:42:00+08:00";8,561;8,562;10,799
"2018-10-23T00:49:00+08:00";16,429;16,429;19,810
"2018-10-23T00:56:00+08:00";8,428;8,426;9,341
"2018-10-23T01:03:00+08:00";7,590;7,590;9,099
"2018-10-23T01:10:00+08:00";16,986;16,985;17,711
"2018-10-23T01:17:00+08:00";8,268;8,270;9,090
"2018-10-23T01:24:00+08:00";17,148;17,143;16,684
"2018-10-23T01:31:00+08:00";8,529;8,525;8,316
"2018-10-23T01:38:00+08:00";8,760;8,758;7,914
"2018-10-23T01:45:00+08:00";17,392;17,403;14,085
"2018-10-23T01:52:00+08:00";8,082;8,084;4,645
"2018-10-23T01:59:00+08:00";17,425;17,424;12,710
"2018-10-23T02:06:00+08:00";8,955;8,951;6,064
"2018-10-23T02:13:00+08:00";8,970;8,967;5,629
"2018-10-23T02:20:00+08:00";17,890;17,890;11,672
"2018-10-23T02:27:00+08:00";8,836;8,842;5,406
"2018-10-23T02:34:00+08:00";17,879;17,885;9,900
"2018-10-23T02:41:00+08:00";8,347;8,344;4,838
"2018-10-23T02:48:00+08:00";8,488;8,484;4,621
"2018-10-23T02:55:00+08:00";16,648;16,642;8,745
"2018-10-23T03:02:00+08:00";8,823;8,825;3,886
"2018-10-23T03:09:00+08:00";17,540;17,548;7,277
"2018-10-23T03:16:00+08:00";8,678;8,671;3,588
"2018-10-23T03:23:00+08:00";8,801;8,807;3,392
"2018-10-23T03:30:00+08:00";17,819;17,815;6,419
"2018-10-23T03:37:00+08:00";8,839;8,846;3,208
"2018-10-23T03:44:00+08:00";16,795;16,788;6,036
"2018-10-23T03:51:00+08:00";7,637;7,638;2,876
"2018-10-23T03:58:00+08:00";8,177;8,178;3,102
"2018-10-23T04:05:00+08:00";17,543;17,536;5,653
"2018-10-23T04:12:00+08:00";8,720;8,728;2,599
"2018-10-23T04:19:00+08:00";17,927;17,929;5,096
"2018-10-23T04:26:00+08:00";9,047;9,045;2,685
"2018-10-23T04:33:00+08:00";8,993;8,991;2,605
"2018-10-23T04:40:00+08:00";17,576;17,578;5,171
"2018-10-23T04:47:00+08:00";9,096;9,099;2,673
"2018-10-23T04:54:00+08:00";18,087;18,085;5,325
"2018-10-23T05:01:00+08:00";7,760;7,754;2,575
"2018-10-23T05:08:00+08:00";8,960;8,963;2,702
"2018-10-23T05:15:00+08:00";17,880;17,885;5,645
"2018-10-23T05:22:00+08:00";7,859;7,856;2,843
"2018-10-23T05:29:00+08:00";17,795;17,789;6,366
"2018-10-23T05:36:00+08:00";7,721;7,731;3,375
"2018-10-23T05:43:00+08:00";9,229;9,227;3,509
"2018-10-23T05:50:00+08:00";18,085;18,075;7,091
"2018-10-23T05:57:00+08:00";8,878;8,884;3,840
"2018-10-23T06:04:00+08:00";16,669;16,670;7,822
"2018-10-23T06:11:00+08:00";8,730;8,732;4,556
"2018-10-23T06:18:00+08:00";8,918;8,917;4,632
"2018-10-23T06:25:00+08:00";16,509;16,512;9,549
"2018-10-23T06:32:00+08:00";9,181;9,175;4,945
"2018-10-23T06:39:00+08:00";17,001;17,001;9,926
"2018-10-23T06:46:00+08:00";8,986;8,985;4,974
"2018-10-23T06:53:00+08:00";9,079;9,083;5,049
"2018-10-23T07:00:00+08:00";17,912;17,910;11,679
"2018-10-23T07:07:00+08:00";9,303;9,302;5,668
"2018-10-23T07:14:00+08:00";18,294;18,293;11,723
"2018-10-23T07:21:00+08:00";9,163;9,161;5,947
"2018-10-23T07:28:00+08:00";9,167;9,170;6,045
"2018-10-23T07:35:00+08:00";18,294;18,298;12,802
"2018-10-23T07:42:00+08:00";9,169;9,166;6,414
"2018-10-23T07:49:00+08:00";18,094;18,091;14,555
"2018-10-23T07:56:00+08:00";8,831;8,828;7,369
"2018-10-23T08:03:00+08:00";9,003;9,013;7,383
"2018-10-23T08:10:00+08:00";17,821;17,813;14,681
"2018-10-23T08:17:00+08:00";8,844;8,851;7,679
"2018-10-23T08:24:00+08:00";17,621;17,615;16,136
"2018-10-23T08:31:00+08:00";8,899;8,895;8,067
"2018-10-23T08:38:00+08:00";8,769;8,773;8,244
"2018-10-23T08:45:00+08:00";13,820;13,820;13,844
"2018-10-23T08:52:00+08:00";8,670;8,675;8,079
"2018-10-23T08:59:00+08:00";17,366;17,363;16,835
"2018-10-23T09:06:00+08:00";8,783;8,784;8,098
"2018-10-23T09:13:00+08:00";8,952;8,950;8,163
"2018-10-23T09:20:00+08:00";21,089;21,093;16,088
"2018-10-23T09:27:00+08:00";27,975;27,979;8,183
"2018-10-23T09:34:00+08:00";53,981;53,985;14,730
"2018-10-23T09:41:00+08:00";26,824;26,825;5,937
"2018-10-23T09:48:00+08:00";5,618;5,604;2,768
"2018-10-23T09:55:00+08:00";5,496;5,500;5,501
"2018-10-23T10:02:00+08:00";2,534;2,535;2,536
"2018-10-23T10:09:00+08:00";8,415;8,414;8,411
"2018-10-23T10:16:00+08:00";4,813;4,813;4,815
"2018-10-23T10:23:00+08:00";4,535;4,529;4,529
"2018-10-23T10:30:00+08:00";9,576;9,576;9,577
"2018-10-23T10:37:00+08:00";4,638;4,643;4,639
"2018-10-23T10:44:00+08:00";8,856;8,856;8,859
"2018-10-23T10:51:00+08:00";4,724;4,724;4,721
"2018-10-23T10:58:00+08:00";4,624;4,623;4,624
"2018-10-23T11:05:00+08:00";8,392;8,390;8,391
"2018-10-23T11:12:00+08:00";3,235;3,236;3,235
"2018-10-23T11:19:00+08:00";5,817;5,817;5,817
"2018-10-23T11:26:00+08:00";6,231;6,231;6,230
"2018-10-23T11:33:00+08:00";5,702;5,704;5,706
"2018-10-23T11:40:00+08:00";10,928;10,925;10,925
"2018-10-23T11:47:00+08:00";5,391;5,393;5,398
"2018-10-23T11:54:00+08:00";9,577;9,575;9,570
"2018-10-23T12:01:00+08:00";4,979;4,979;4,976
"2018-10-23T12:08:00+08:00";4,953;4,957;4,960
"2018-10-23T12:15:00+08:00";12,886;12,885;12,884
"2018-10-23T12:22:00+08:00";4,779;4,780;4,781
"2018-10-23T12:29:00+08:00";12,722;12,721;12,725
"2018-10-23T12:36:00+08:00";5,439;5,439;5,434
"2018-10-23T12:43:00+08:00";5,386;5,389;5,389
"2018-10-23T12:50:00+08:00";10,542;10,539;10,534
"2018-10-23T12:57:00+08:00";5,841;5,840;5,846
"2018-10-23T13:04:00+08:00";11,214;11,217;11,213
"2018-10-23T13:11:00+08:00";5,629;5,625;5,633
"2018-10-23T13:18:00+08:00";7,784;7,784;7,780
"2018-10-23T13:25:00+08:00";13,273;13,277;13,273
"2018-10-23T13:32:00+08:00";6,584;6,584;6,581
"2018-10-23T13:39:00+08:00";11,675;11,678;11,682
"2018-10-23T13:46:00+08:00";5,604;5,602;5,602
"2018-10-23T13:53:00+08:00";4,896;4,893;4,891
"2018-10-23T14:00:00+08:00";8,445;8,441;8,447
"2018-10-23T14:07:00+08:00";5,684;5,691;5,685
"2018-10-23T14:14:00+08:00";14,247;14,250;14,248
"2018-10-23T14:21:00+08:00";6,025;6,026;6,292
"2018-10-23T14:28:00+08:00";2,828;2,829;9,268
"2018-10-23T14:35:00+08:00";13,187;13,188;21,055
"2018-10-23T14:42:00+08:00";6,604;6,607;12,274
"2018-10-23T14:49:00+08:00";12,566;12,564;23,716
"2018-10-23T14:56:00+08:00";6,402;6,400;12,016
"2018-10-23T15:03:00+08:00";6,561;6,559;12,377
"2018-10-23T15:10:00+08:00";36,501;36,519;25,588
"2018-10-23T15:17:00+08:00";21,782;21,777;13,565
"2018-10-23T15:24:00+08:00";44,133;44,139;23,379
"2018-10-23T15:31:00+08:00";9,141;9,128;6,192
"2018-10-23T15:38:00+08:00";5,552;5,552;5,554
"2018-10-23T15:45:00+08:00";9,899;9,899;9,897
"2018-10-23T15:52:00+08:00";5,245;5,241;5,243
"2018-10-23T15:59:00+08:00";10,176;10,182;10,176
"2018-10-23T16:06:00+08:00";4,625;4,628;4,627
"2018-10-23T16:13:00+08:00";5,166;5,162;5,172
"2018-10-23T16:20:00+08:00";11,050;11,047;11,041
"2018-10-23T16:27:00+08:00";7,211;7,216;7,214
"2018-10-23T16:34:00+08:00";12,477;12,473;12,481
"2018-10-23T16:41:00+08:00";6,007;6,010;6,001
"2018-10-23T16:48:00+08:00";5,617;5,614;5,624
"2018-10-23T16:55:00+08:00";10,822;10,820;10,814
"2018-10-23T17:02:00+08:00";4,455;4,455;4,460
"2018-10-23T17:09:00+08:00";10,537;10,541;10,533
"2018-10-23T17:16:00+08:00";5,120;5,119;5,121
"2018-10-23T17:23:00+08:00";5,043;5,045;5,050
"2018-10-23T17:30:00+08:00";15,356;15,356;15,350
"2018-10-23T17:37:00+08:00";6,790;6,788;6,790
"2018-10-23T17:44:00+08:00";12,686;12,685;12,683
"2018-10-23T17:51:00+08:00";5,864;5,868;5,871
"2018-10-23T17:58:00+08:00";5,696;5,692;5,688
"2018-10-23T18:05:00+08:00";11,010;11,013;11,014
"2018-10-23T18:12:00+08:00";5,423;5,422;5,423
"2018-10-23T18:19:00+08:00";10,939;10,944;10,939
"2018-10-23T18:26:00+08:00";7,808;7,799;7,803
"2018-10-23T18:33:00+08:00";7,147;7,151;7,149
"2018-10-23T18:40:00+08:00";13,343;13,344;13,349
"2018-10-23T18:47:00+08:00";6,150;6,149;6,147
"2018-10-23T18:54:00+08:00";11,981;11,981;11,980
"2018-10-23T19:01:00+08:00";5,840;5,837;5,838
"2018-10-23T19:08:00+08:00";5,925;5,928;5,931
"2018-10-23T19:15:00+08:00";12,007;12,016;12,008
"2018-10-23T19:22:00+08:00";5,974;5,963;5,966
"2018-10-23T19:29:00+08:00";16,795;16,791;16,795
"2018-10-23T19:36:00+08:00";7,425;7,435;7,431
"2018-10-23T19:43:00+08:00";7,684;7,678;7,684
"2018-10-23T19:50:00+08:00";14,703;14,707;14,703
"2018-10-23T19:57:00+08:00";1,375;1,374;1,372
"2018-10-23T20:04:00+08:00";15,667;15,668;15,664
"2018-10-23T20:11:00+08:00";6,850;6,854;6,855
"2018-10-23T20:18:00+08:00";9,514;9,508;9,512
"2018-10-23T20:25:00+08:00";18,581;18,591;19,317
"2018-10-23T20:32:00+08:00";10,453;10,443;9,702
"2018-10-23T20:39:00+08:00";14,132;14,141;14,134
"2018-10-23T20:46:00+08:00";7,503;7,499;7,504
"2018-10-23T20:53:00+08:00";8,111;8,109;8,109
"2018-10-23T21:00:00+08:00";14,949;14,951;14,950
"2018-10-23T21:07:00+08:00";7,220;7,218;7,222
"2018-10-23T21:14:00+08:00";18,465;18,463;18,466
"2018-10-23T21:21:00+08:00";8,577;8,587;8,580
"2018-10-23T21:28:00+08:00";8,533;8,527;8,528
"2018-10-23T21:35:00+08:00";15,765;15,763;15,762
"2018-10-23T21:42:00+08:00";7,575;7,580;7,579
"2018-10-23T21:49:00+08:00";14,003;13,999;13,999
"2018-10-23T21:56:00+08:00";7,071;7,072;7,069
"2018-10-23T22:03:00+08:00";6,734;6,734;6,735
"2018-10-23T22:10:00+08:00";14,769;14,763;14,771
"2018-10-23T22:17:00+08:00";6,662;6,670;6,662
"2018-10-23T22:24:00+08:00";13,334;13,334;13,333
"2018-10-23T22:31:00+08:00";6,527;6,526;6,526
"2018-10-23T22:38:00+08:00";6,166;6,162;6,163
"2018-10-23T22:45:00+08:00";14,473;14,477;14,481
"2018-10-23T22:52:00+08:00";7,910;7,908;7,905
"2018-10-23T22:59:00+08:00";14,044;14,041;14,036
"2018-10-23T23:06:00+08:00";6,374;6,378;6,383
"2018-10-23T23:13:00+08:00";6,166;6,166;6,161
"2018-10-23T23:20:00+08:00";15,319;15,322;15,326
"2018-10-23T23:27:00+08:00";5,568;5,559;5,562
"2018-10-23T23:34:00+08:00";12,757;12,763;12,759
"2018-10-23T23:41:00+08:00";5,703;5,699;5,700
"2018-10-23T23:48:00+08:00";5,381;5,383;5,385
"2018-10-23T23:55:00+08:00";9,920;9,922;9,914
"2018-10-24T00:02:00+08:00";4,335;4,333;4,341
"2018-10-24T00:09:00+08:00";8,862;8,862;8,861
"2018-10-24T00:16:00+08:00";4,001;3,998;3,996
"2018-10-24T00:23:00+08:00";5,747;5,751;5,750
"2018-10-24T00:30:00+08:00";10,195;10,195;10,194
"2018-10-24T00:37:00+08:00";4,454;4,453;4,460
"2018-10-24T00:44:00+08:00";8,086;8,090;8,083
"2018-10-24T00:51:00+08:00";3,577;3,571;3,577
"2018-10-24T00:58:00+08:00";3,497;3,500;3,495
"2018-10-24T01:05:00+08:00";6,829;6,826;6,826
"2018-10-24T01:12:00+08:00";4,099;4,097;4,102
"2018-10-24T01:19:00+08:00";6,940;6,945;6,941
"2018-10-24T01:26:00+08:00";2,707;2,703;2,705
"2018-10-24T01:33:00+08:00";3,115;3,117;3,120
"2018-10-24T01:40:00+08:00";5,501;5,502;5,498
"2018-10-24T01:47:00+08:00";2,516;2,512;2,513
"2018-10-24T01:54:00+08:00";4,431;4,433;4,431
"2018-10-24T02:01:00+08:00";2,136;2,137;2,137
"2018-10-24T02:08:00+08:00";1,935;1,933;1,934
"2018-10-24T02:15:00+08:00";3,671;3,674;3,672
"2018-10-24T02:22:00+08:00";1,691;1,691;1,692
"2018-10-24T02:29:00+08:00";3,783;3,780;3,791
"2018-10-24T02:36:00+08:00";1,643;1,642;1,642
"2018-10-24T02:43:00+08:00";1,466;1,465;1,464
"2018-10-24T02:50:00+08:00";2,787;2,787;2,788
"2018-10-24T02:57:00+08:00";1,440;1,442;1,443
"2018-10-24T03:04:00+08:00";2,603;2,601;2,600
"2018-10-24T03:11:00+08:00";1,164;1,166;1,167
"2018-10-24T03:18:00+08:00";1,163;1,161;1,160
"2018-10-24T03:25:00+08:00";2,359;2,361;2,356
"2018-10-24T03:32:00+08:00";1,151;1,150;1,155
"2018-10-24T03:39:00+08:00";2,014;2,015;2,016
"2018-10-24T03:46:00+08:00";1,161;1,161;1,159
"2018-10-24T03:53:00+08:00";1,536;1,534;1,535
"2018-10-24T04:00:00+08:00";2,446;2,448;2,449
"2018-10-24T04:07:00+08:00";1,160;1,160;1,157
"2018-10-24T04:14:00+08:00";2,629;2,627;2,629
"2018-10-24T04:21:00+08:00";1,100;1,099;1,100
"2018-10-24T04:28:00+08:00";1,200;1,203;1,203
"2018-10-24T04:35:00+08:00";2,247;2,246;2,244
"2018-10-24T04:42:00+08:00";1,022;1,021;1,023
"2018-10-24T04:49:00+08:00";2,143;2,145;2,144
"2018-10-24T04:56:00+08:00";1,069;1,071;1,071
"2018-10-24T05:03:00+08:00";1,079;1,075;1,075
"2018-10-24T05:10:00+08:00";2,187;2,187;2,187
"2018-10-24T05:17:00+08:00";1,083;1,083;1,084
"2018-10-24T05:24:00+08:00";2,394;2,397;2,395
"2018-10-24T05:31:00+08:00";1,224;1,221;1,222
"2018-10-24T05:38:00+08:00";1,276;1,277;1,275
"2018-10-24T05:45:00+08:00";3,592;3,590;3,596
"2018-10-24T05:52:00+08:00";1,732;1,734;1,729
"2018-10-24T05:59:00+08:00";3,564;3,570;3,567
"2018-10-24T06:06:00+08:00";1,755;1,751;1,754
"2018-10-24T06:13:00+08:00";1,803;1,800;1,801
"2018-10-24T06:20:00+08:00";3,910;3,910;3,910
"2018-10-24T06:27:00+08:00";2,505;2,504;2,505
"2018-10-24T06:34:00+08:00";4,580;4,583;4,581
"2018-10-24T06:41:00+08:00";2,334;2,334;2,338
"2018-10-24T06:48:00+08:00";2,220;2,220;2,216
"2018-10-24T06:55:00+08:00";5,155;5,154;5,156
"2018-10-24T07:02:00+08:00";2,643;2,641;2,642
"2018-10-24T07:09:00+08:00";4,990;4,991;4,992
"2018-10-24T07:16:00+08:00";2,507;2,500;2,499
"2018-10-24T07:23:00+08:00";2,520;2,521;2,521
"2018-10-24T07:30:00+08:00";5,349;5,348;5,349
"2018-10-24T07:37:00+08:00";2,616;2,615;2,613
"2018-10-24T07:44:00+08:00";5,507;5,510;5,511
"2018-10-24T07:51:00+08:00";2,734;2,731;2,731
"2018-10-24T07:58:00+08:00";2,845;2,846;2,846
"2018-10-24T08:05:00+08:00";6,069;6,072;6,069
"2018-10-24T08:12:00+08:00";2,981;2,979;2,979
"2018-10-24T08:19:00+08:00";5,963;5,965;5,969
"2018-10-24T08:26:00+08:00";3,183;3,185;3,181
"2018-10-24T08:33:00+08:00";3,041;3,037;3,040
"2018-10-24T08:40:00+08:00";7,715;7,719;7,717
"2018-10-24T08:47:00+08:00";4,052;4,046;4,049
"2018-10-24T08:54:00+08:00";8,105;8,106;8,104
"2018-10-24T09:01:00+08:00";3,916;3,917;3,917
"2018-10-24T09:08:00+08:00";3,844;3,844;3,844
"2018-10-24T09:15:00+08:00";7,556;7,559;7,554
"2018-10-24T09:22:00+08:00";3,677;3,673;3,680
"2018-10-24T09:29:00+08:00";7,557;7,564;7,559
"2018-10-24T09:36:00+08:00";3,788;3,783;3,783
"2018-10-24T09:43:00+08:00";3,833;3,832;3,836
"2018-10-24T09:50:00+08:00";7,342;7,344;7,341
"2018-10-24T09:57:00+08:00";2,900;2,897;2,899
"2018-10-24T10:04:00+08:00";7,766;7,766;7,768
"2018-10-24T10:11:00+08:00";3,678;3,681;3,678
"2018-10-24T10:18:00+08:00";3,541;3,539;3,540
"2018-10-24T10:25:00+08:00";7,031;7,031;7,032
"2018-10-24T10:32:00+08:00";3,993;3,994;3,990
"2018-10-24T10:39:00+08:00";7,992;8,000;9,745
"2018-10-24T10:46:00+08:00";7,570;7,563;5,811
"2018-10-24T10:53:00+08:00";5,387;5,388;5,386
"2018-10-24T11:00:00+08:00";10,678;10,677;10,678
"2018-10-24T11:07:00+08:00";5,074;5,075;5,073
"2018-10-24T11:14:00+08:00";10,034;10,036;10,040
"2018-10-24T11:21:00+08:00";5,010;5,005;5,003
"2018-10-24T11:28:00+08:00";6,465;6,469;6,468
"2018-10-24T11:35:00+08:00";11,337;11,333;11,337
"2018-10-24T11:42:00+08:00";5,459;5,463;5,456
"2018-10-24T11:49:00+08:00";10,307;10,308;10,307
"2018-10-24T11:56:00+08:00";5,249;5,249;5,254
"2018-10-24T12:03:00+08:00";4,143;4,138;4,135
"2018-10-24T12:10:00+08:00";9,998;10,002;9,998
"2018-10-24T12:17:00+08:00";5,784;5,788;5,786
"2018-10-24T12:24:00+08:00";12,767;12,759;12,765
"2018-10-24T12:31:00+08:00";4,703;4,702;4,708
"2018-10-24T12:38:00+08:00";5,730;5,733;5,728
"2018-10-24T12:45:00+08:00";10,185;10,193;11,334
"2018-10-24T12:52:00+08:00";7,925;7,921;6,769
"2018-10-24T12:59:00+08:00";11,090;11,089;11,088
"2018-10-24T13:06:00+08:00";5,461;5,464;5,460
"2018-10-24T13:13:00+08:00";5,950;5,950;5,952
"2018-10-24T13:20:00+08:00";13,915;13,911;13,911
"2018-10-24T13:27:00+08:00";6,888;6,891;6,889
"2018-10-24T13:34:00+08:00";13,288;13,278;13,288
"2018-10-24T13:41:00+08:00";5,963;5,967;5,964
"2018-10-24T13:48:00+08:00";5,746;5,753;5,748
"2018-10-24T13:55:00+08:00";11,193;11,188;11,191
"2018-10-24T14:02:00+08:00";5,488;5,491;5,484
"2018-10-24T14:09:00+08:00";10,478;10,475;10,478
"2018-10-24T14:16:00+08:00";4,944;4,947;4,948
"2018-10-24T14:23:00+08:00";3,084;3,084;3,088
"2018-10-24T14:30:00+08:00";9,425;9,421;9,422
"2018-10-24T14:37:00+08:00";5,118;5,119;5,112
"2018-10-24T14:44:00+08:00";13,082;13,086;13,089
"2018-10-24T14:51:00+08:00";6,842;6,841;6,837
"2018-10-24T14:58:00+08:00";6,467;6,465;6,463
"2018-10-24T15:05:00+08:00";10,892;10,897;10,900
"2018-10-24T15:12:00+08:00";5,562;5,563;5,561
"2018-10-24T15:19:00+08:00";10,591;10,585;10,589
"2018-10-24T15:26:00+08:00";5,617;5,618;5,615
"2018-10-24T15:33:00+08:00";5,557;5,555;5,559
"2018-10-24T15:40:00+08:00";12,072;12,073;12,082
"2018-10-24T15:47:00+08:00";6,956;6,951;6,945
"2018-10-24T15:54:00+08:00";10,584;10,587;10,585
"2018-10-24T16:01:00+08:00";5,994;5,998;5,995
"2018-10-24T16:08:00+08:00";5,712;5,707;5,707
"2018-10-24T16:15:00+08:00";10,884;10,890;10,886
"2018-10-24T16:22:00+08:00";6,167;6,165;6,169
"2018-10-24T16:29:00+08:00";11,696;11,698;11,696
"2018-10-24T16:36:00+08:00";6,501;6,500;6,502
"2018-10-24T16:43:00+08:00";6,174;6,174;6,173
"2018-10-24T16:50:00+08:00";11,549;11,546;11,548
"2018-10-24T16:57:00+08:00";5,542;5,542;5,540
"2018-10-24T17:04:00+08:00";10,706;10,707;10,712
"2018-10-24T17:11:00+08:00";5,174;5,177;5,173
"2018-10-24T17:18:00+08:00";5,081;5,080;5,079
"2018-10-24T17:25:00+08:00";13,309;13,314;13,313
"2018-10-24T17:32:00+08:00";6,523;6,516;6,520
"2018-10-24T17:39:00+08:00";12,238;12,243;12,241
"2018-10-24T17:46:00+08:00";6,125;6,117;6,120
"2018-10-24T17:53:00+08:00";5,667;5,672;5,670
"2018-10-24T18:00:00+08:00";11,242;11,237;11,236
"2018-10-24T18:07:00+08:00";5,837;5,840;5,838
"2018-10-24T18:14:00+08:00";11,022;11,019;11,023
"2018-10-24T18:21:00+08:00";5,406;5,413;5,407
"2018-10-24T18:28:00+08:00";5,674;5,668;5,675
"2018-10-24T18:35:00+08:00";11,147;11,152;11,147
"2018-10-24T18:42:00+08:00";5,722;5,720;5,722
"2018-10-24T18:49:00+08:00";14,076;14,078;14,073
"2018-10-24T18:56:00+08:00";6,823;6,821;6,822
"2018-10-24T19:03:00+08:00";6,589;6,590;6,593
"2018-10-24T19:10:00+08:00";13,065;13,062;13,061
"2018-10-24T19:17:00+08:00";8,314;8,318;8,316
"2018-10-24T19:24:00+08:00";14,734;14,737;14,732
"2018-10-24T19:31:00+08:00";7,366;7,361;7,368
"2018-10-24T19:38:00+08:00";6,803;6,801;6,799
"2018-10-24T19:45:00+08:00";13,096;13,099;13,101
"2018-10-24T19:52:00+08:00";6,456;6,460;6,455
"2018-10-24T19:59:00+08:00";11,089;11,083;11,084
"2018-10-24T20:06:00+08:00";6,763;6,765;6,767
"2018-10-24T20:13:00+08:00";4,931;4,926;4,929
"2018-10-24T20:20:00+08:00";13,627;13,633;13,632
"2018-10-24T20:27:00+08:00";6,789;6,785;6,783
"2018-10-24T20:34:00+08:00";17,327;17,327;17,328
"2018-10-24T20:41:00+08:00";8,071;8,071;8,072
"2018-10-24T20:48:00+08:00";8,135;8,140;8,138
"2018-10-24T20:55:00+08:00";9,735;9,729;9,730
"2018-10-24T21:02:00+08:00";7,373;7,374;7,376
"2018-10-24T21:09:00+08:00";15,809;15,811;15,803
"2018-10-24T21:16:00+08:00";7,290;7,292;7,295
"2018-10-24T21:23:00+08:00";7,008;7,001;7,004
"2018-10-24T21:30:00+08:00";14,102;14,106;14,111
"2018-10-24T21:37:00+08:00";5,994;5,996;5,990
"2018-10-24T21:44:00+08:00";18,395;18,400;18,400
"2018-10-24T21:51:00+08:00";7,557;7,550;7,550
"2018-10-24T21:58:00+08:00";7,091;7,098;7,096
"2018-10-24T22:05:00+08:00";14,991;14,987;14,988
"2018-10-24T22:12:00+08:00";7,756;7,750;7,753
"2018-10-24T22:19:00+08:00";14,814;14,813;14,813
"2018-10-24T22:26:00+08:00";7,102;7,102;7,101
"2018-10-24T22:33:00+08:00";6,905;6,908;6,907
"2018-10-24T22:40:00+08:00";13,097;13,103;13,100
"2018-10-24T22:47:00+08:00";8,581;8,579;8,580
"2018-10-24T22:54:00+08:00";15,438;15,435;15,436
"2018-10-24T23:01:00+08:00";6,747;6,749;6,749
"2018-10-24T23:08:00+08:00";6,488;6,484;6,483
"2018-10-24T23:15:00+08:00";10,695;10,699;10,695
"2018-10-24T23:22:00+08:00";6,290;6,290;6,294
"2018-10-24T23:29:00+08:00";12,017;12,017;12,017
"2018-10-24T23:36:00+08:00";7,884;7,884;7,883
"2018-10-24T23:43:00+08:00";6,312;6,308;6,311
"2018-10-24T23:50:00+08:00";11,615;11,616;11,612
"2018-10-24T23:57:00+08:00";5,340;5,339;5,344
"2018-10-25T00:04:00+08:00";9,525;9,526;9,520
"2018-10-25T00:11:00+08:00";4,413;4,413;4,417
"2018-10-25T00:18:00+08:00";4,213;4,215;4,211
"2018-10-25T00:25:00+08:00";8,803;8,800;8,813
"2018-10-25T00:32:00+08:00";4,158;4,159;4,157
"2018-10-25T00:39:00+08:00";9,041;9,040;9,043
"2018-10-25T00:46:00+08:00";4,517;4,515;4,516
"2018-10-25T00:53:00+08:00";4,048;4,050;4,049
"2018-10-25T01:00:00+08:00";7,614;7,615;7,615
"2018-10-25T01:07:00+08:00";3,375;3,373;3,373
"2018-10-25T01:14:00+08:00";7,563;7,559;7,576
"2018-10-25T01:21:00+08:00";3,768;3,771;3,771
"2018-10-25T01:28:00+08:00";3,453;3,447;3,449
"2018-10-25T01:35:00+08:00";6,135;6,140;6,136
"2018-10-25T01:42:00+08:00";2,754;2,754;2,754
"2018-10-25T01:49:00+08:00";4,366;4,364;4,367
"2018-10-25T01:56:00+08:00";2,412;2,410;2,407
"2018-10-25T02:03:00+08:00";2,266;2,267;2,269
"2018-10-25T02:10:00+08:00";4,793;4,794;4,791
"2018-10-25T02:17:00+08:00";2,402;2,401;2,404
"2018-10-25T02:24:00+08:00";4,359;4,363;4,362
"2018-10-25T02:31:00+08:00";2,077;2,073;2,074
"2018-10-25T02:38:00+08:00";1,932;1,930;1,930
"2018-10-25T02:45:00+08:00";3,282;3,283;3,283
"2018-10-25T02:52:00+08:00";1,606;1,607;1,607
"2018-10-25T02:59:00+08:00";3,008;3,008;2,981
"2018-10-25T03:06:00+08:00";1,415;1,415;1,416
"2018-10-25T03:13:00+08:00";1,313;1,312;1,313
"2018-10-25T03:20:00+08:00";2,258;2,258;2,258
"2018-10-25T03:27:00+08:00";1,317;1,315;1,316
"2018-10-25T03:34:00+08:00";2,478;2,478;2,478
"2018-10-25T03:41:00+08:00";1,544;1,545;1,546
"2018-10-25T03:48:00+08:00";1,400;1,398;1,399
"2018-10-25T03:55:00+08:00";2,515;2,515;2,515
"2018-10-25T04:02:00+08:00";1,098;1,099;1,093
"2018-10-25T04:09:00+08:00";2,181;2,182;2,182
"2018-10-25T04:16:00+08:00";941;941;942
"2018-10-25T04:23:00+08:00";976;975;976
"2018-10-25T04:30:00+08:00";2,176;2,177;2,175
"2018-10-25T04:37:00+08:00";1,047;1,046;1,046
"2018-10-25T04:44:00+08:00";1,993;1,998;2,002
"2018-10-25T04:51:00+08:00";1,006;998;1,006
"2018-10-25T04:58:00+08:00";868;869;869
"2018-10-25T05:05:00+08:00";2,167;2,168;2,166
"2018-10-25T05:12:00+08:00";986;996;1,011
"2018-10-25T05:19:00+08:00";2,544;2,544;2,547
"2018-10-25T05:26:00+08:00";1,498;1,499;1,498
"2018-10-25T05:33:00+08:00";1,532;1,530;1,531
"2018-10-25T05:40:00+08:00";3,022;3,024;3,022
"2018-10-25T05:47:00+08:00";1,537;1,537;1,536
"2018-10-25T05:54:00+08:00";3,124;3,127;3,125
"2018-10-25T06:01:00+08:00";1,652;1,648;1,658
"2018-10-25T06:08:00+08:00";1,666;1,663;1,664
"2018-10-25T06:15:00+08:00";3,534;3,533;3,533
"2018-10-25T06:22:00+08:00";1,745;1,760;1,773
"2018-10-25T06:29:00+08:00";3,978;3,970;3,976
"2018-10-25T06:36:00+08:00";2,617;2,617;2,616
"2018-10-25T06:43:00+08:00";2,633;2,634;2,633
"2018-10-25T06:50:00+08:00";4,857;4,855;4,864
"2018-10-25T06:57:00+08:00";2,847;2,846;2,848
"2018-10-25T07:04:00+08:00";5,052;5,052;5,052
"2018-10-25T07:11:00+08:00";2,498;2,495;2,484
"2018-10-25T07:18:00+08:00";3,117;3,128;3,144
"2018-10-25T07:25:00+08:00";6,082;6,085;6,082
"2018-10-25T07:32:00+08:00";3,081;3,076;3,077
"2018-10-25T07:39:00+08:00";5,838;5,838;5,822
"2018-10-25T07:46:00+08:00";2,993;2,992;2,992
"2018-10-25T07:53:00+08:00";2,892;2,893;2,896
"2018-10-25T08:00:00+08:00";5,905;5,907;5,902
"2018-10-25T08:07:00+08:00";2,989;2,988;2,990
"2018-10-25T08:14:00+08:00";5,943;5,941;5,940
"2018-10-25T08:21:00+08:00";3,034;3,034;3,035
"2018-10-25T08:28:00+08:00";3,060;3,063;3,036
"2018-10-25T08:35:00+08:00";6,271;6,275;6,267
"2018-10-25T08:42:00+08:00";3,126;3,126;3,126
"2018-10-25T08:49:00+08:00";8,235;8,213;8,269
"2018-10-25T08:56:00+08:00";3,955;3,955;3,958
"2018-10-25T09:03:00+08:00";3,798;3,803;3,800
"2018-10-25T09:10:00+08:00";7,487;7,485;7,490
"2018-10-25T09:17:00+08:00";3,817;3,818;3,816
"2018-10-25T09:24:00+08:00";7,965;7,963;7,963
"2018-10-25T09:31:00+08:00";3,895;3,897;3,896
"2018-10-25T09:38:00+08:00";3,852;3,850;3,850
"2018-10-25T09:45:00+08:00";7,383;7,391;7,401
"2018-10-25T09:52:00+08:00";3,747;3,745;3,751
"2018-10-25T09:59:00+08:00";7,614;7,616;7,614
"2018-10-25T10:06:00+08:00";2,771;2,781;3,519
"2018-10-25T10:13:00+08:00";4,806;4,802;4,065
"2018-10-25T10:20:00+08:00";7,320;7,316;7,317
"2018-10-25T10:27:00+08:00";3,039;3,039;3,040
"2018-10-25T10:34:00+08:00";9,391;9,394;9,390
"2018-10-25T10:41:00+08:00";5,057;5,053;5,054
"2018-10-25T10:48:00+08:00";5,071;5,076;5,075
"2018-10-25T10:55:00+08:00";10,082;10,082;10,076
"2018-10-25T11:02:00+08:00";5,051;5,053;5,044
"2018-10-25T11:09:00+08:00";9,560;9,563;9,561
"2018-10-25T11:16:00+08:00";4,393;4,396;4,439
"2018-10-25T11:23:00+08:00";3,637;3,638;3,638
"2018-10-25T11:30:00+08:00";9,652;9,654;9,655
"2018-10-25T11:37:00+08:00";7,071;7,069;7,068
"2018-10-25T11:44:00+08:00";11,688;11,691;11,693
"2018-10-25T11:51:00+08:00";5,460;5,454;5,452
"2018-10-25T11:58:00+08:00";5,530;5,534;5,535
"2018-10-25T12:05:00+08:00";10,012;10,036;10,064
"2018-10-25T12:12:00+08:00";5,006;5,002;5,005
"2018-10-25T12:19:00+08:00";0;6,933;6,935